HEELCode,mountain_range,land_use,geomorphology,time,date,tmean_C,PDHI_aw,ppt_mm,snowmelt2,sampleday_quickflow,week_slowflow,ppt_mm_month,spi_12,spi_09,ppt_mm_cm,tmean_C_cm,snowmelt2_cm,water_temp,swe
A,cascades,urban,low,1,10/13/2014,14.18848777,2.308943067,119.504331,0,3.161,66.539,57.41,1.067984428,2.379506357,278.2656009,11.24408492,0,13.7,0
A,cascades,urban,low,2,11/3/2014,10.46203964,2.171037844,316.5018368,0,19.115,123.677,168.65,1.2326304,1.828244669,334.0721996,4.543510204,0,11.3,0.337995465
A,cascades,urban,low,3,12/8/2014,3.055490266,1.709505541,248.7940363,0,0,295.376,83.76,1.317928966,0.826987824,249.7032879,3.510506913,0,7.4,0.6799605
A,cascades,urban,low,4,1/12/2015,3.336145907,1.209888617,300.8817008,0.862214402,1.055,317.07,95.4,1.412001112,0.344561542,268.3700001,4.969945139,0.657594909,6.7,0.022365591
A,cascades,urban,low,5,2/9/2015,5.666961843,0.520405501,288.2764625,0.119099226,2.989,286.123,143.79,1.187996596,0.240919117,217.6264626,6.355568921,0.022365591,8.5,0
A,cascades,urban,low,6,3/9/2015,6.325852686,0.244736276,95.4368481,0,0,116.08,46.1,0.516195307,0.2382619,218.4459865,7.553023187,0,9.9,0
A,cascades,urban,low,7,4/13/2015,6.990990304,-1.270032989,181.6778233,0,0,87.56,110.15,0.163181325,0.068802489,115.4200001,7.35097052,0,9.94,0
A,cascades,urban,low,8,5/11/2015,9.121676439,-1.973613366,89.7067801,0,0,74.05,38.85,-0.187015844,-0.307905781,45.15675737,12.0769,0,11.9,0
A,cascades,urban,low,9,6/8/2015,13.4773962,-2.92188795,45.07798186,0,0,66.62,15.18,-0.431071032,-0.637656635,17.32664399,16.71788284,0,18.8,0
A,cascades,urban,low,10,7/13/2015,18.83426069,-3.617224693,5.657006804,0,0,49.3,1,-0.532235298,-1.156475526,24.36115647,18.35879416,0,18.6,0
A,cascades,urban,low,11,8/17/2015,17.36636445,-3.217813114,46.56251704,0,0,25.63,24.55,-0.550722778,-1.2930198,80.69061225,17.20703825,0,20.7,0
A,cascades,urban,low,12,9/21/2015,13.65860231,-3.189783165,137.1180499,0,1.245,28.809,70.52,-0.665746037,-1.325140869,90.14612248,12.48370295,0,15.5,0
A,cascades,urban,low,13,10/12/2015,12.12699233,-2.698795545,112.8868253,0,2.6,52.895,61.63,-0.736645175,-0.667648033,288.0303175,11.56190805,0,12.7,0
A,cascades,urban,low,14,11/2/2015,11.13557315,-1.970158457,319.1791156,0,10.221,74.4,137.89,-0.511849097,-0.281084046,363.9009751,3.865919123,0,10.6,0.0112774
A,cascades,urban,low,15,12/7/2015,3.434940574,1.978089811,427.9809071,0,0.509,151.271,186.02,0.388876054,0.705970284,560.4215418,2.00204996,0,8,0.168322727
A,cascades,urban,low,16,1/4/2016,1.175541481,1.804240335,475.3871654,0,0,173.19,229.08,0.540890069,0.791522338,272.9167573,2.889383002,0,6.1,9.6931746
A,cascades,urban,low,17,2/8/2016,3.832331302,1.841252085,305.5156915,0,2.065,319.309,186.54,0.693764963,1.136664876,292.4010203,5.545447653,8.782959574,6.2,0.910215026
A,cascades,urban,low,18,3/7/2016,6.331614281,2.363443975,323.5092744,5.040172804,2.175,475.148,171.42,0.881323362,1.502338539,268.6595692,5.792626,0.830630504,7.8,0.079584522
A,cascades,urban,low,19,4/11/2016,7.645808902,1.168926017,144.754059,0.464109782,0,126.69,55.15,0.789809008,1.339268337,70.51433115,10.22010809,0.079584522,10.3,0
A,cascades,urban,low,20,5/9/2016,10.89382516,-1.091887023,61.88385494,0.012803972,0,94.63,32.24,0.939866748,1.215112397,104.7945578,11.63478312,0,12.6,0
A,cascades,urban,low,21,6/13/2016,12.42716006,-1.422498795,132.0553742,0,2.354,71.436,33.03,1.280349184,1.395990035,141.922721,13.93100907,0,13.5,0
A,cascades,urban,low,22,7/11/2016,13.19591524,-1.254960896,140.0468934,0,0,54.27,52.62,1.347672536,1.227214673,55.63233561,15.45718674,0,14.4,0
A,cascades,urban,low,23,8/22/2016,17.2814618,-1.639815968,25.31544219,0,0,29.49,2.48,1.193908995,1.006777572,29.58097507,16.87832419,0,16.9,0
A,cascades,urban,low,24,9/12/2016,15.49730745,-1.547458394,44.69691611,0,0.719,32.861,21.48,1.217425259,-0.012884291,97.83453517,12.57045541,0,14,0
B,cascades,urban,mid,1,10/13/2014,14.7294662,2.207806559,91.98941496,0,1.061,138.33,56.59,0.913442988,2.329410678,221.9713101,11.78820566,0,NA,0
B,cascades,urban,mid,2,11/3/2014,11.0005326,2.035864322,249.018524,0,0,298.718,157.89,1.092898922,1.728926984,253.8673101,4.854470452,0,10.4,0.220037264
B,cascades,urban,mid,3,12/8/2014,3.286817949,1.59526953,195.3421136,0,0,389.36,78.92,1.254851849,0.744977443,202.5254061,3.839342443,0,7.1,0.545656008
B,cascades,urban,mid,4,1/12/2015,3.640508809,1.094342681,240.7133275,0.554682126,0,690.285,87.98,1.320673767,0.242594947,206.5635547,5.214595435,0.142926328,6.8,0.40272968
B,cascades,urban,mid,5,2/9/2015,6.017283993,0.366258768,217.8227511,0.038043367,23.249,445.948,137.6,1.081879343,0.162400507,168.3697467,6.783180131,0.377261184,8.1,0.025468497
B,cascades,urban,mid,6,3/9/2015,6.730072278,0.124358879,74.09101309,0.215154947,0,191.19,44.24,0.415262508,0.169673431,164.5984978,8.055198902,0.025468497,8.7,0
B,cascades,urban,mid,7,4/13/2015,7.579654722,-1.214941866,132.2648559,8.83E-04,0,209.96,102.73,0.063877897,-0.009111665,84.25087335,7.959577877,0,10.04,0
B,cascades,urban,mid,8,5/11/2015,9.711496162,-1.931551154,63.58220087,0,0,144.47,35.72,-0.26151047,-0.378387011,39.85831441,12.6326053,0,14.1,0
B,cascades,urban,mid,9,6/8/2015,14.0880131,-2.880833917,42.43186027,0,0,94.07,13.92,-0.490644687,-0.668542954,14.85857642,17.40004017,0,20.8,0
B,cascades,urban,mid,10,7/13/2015,19.4659616,-3.620110365,4.976637549,0,0,55.89,0.41,-0.594703263,-1.201224147,19.05870743,19.0512651,0,20.1,0
B,cascades,urban,mid,11,8/17/2015,18.0792614,-3.238396752,36.41062885,0,0.281,57.732,19.63,-0.600805946,-1.277225488,64.87100438,17.85028046,0,21.7,0
B,cascades,urban,mid,12,9/21/2015,14.31780259,-3.184905833,100.2822358,0,1.632,64.61,61.32,-0.715640663,-1.400302543,62.35990394,13.10060669,0,17.4,0
B,cascades,urban,mid,13,10/12/2015,12.58655112,-2.777198177,84.01874233,0,3.011,90.865,60,-0.795998854,-0.684643784,244.953476,11.81294492,0,14.3,0
B,cascades,urban,mid,14,11/2/2015,11.38449751,-1.997874851,267.1883057,0,121.297,136.891,136.3,-0.551760459,-0.312361583,293.9453536,4.186690539,0,10.09,8.12E-04
B,cascades,urban,mid,15,12/9/2015,4.020116098,2.037675672,443.6702095,0,206.57,380.39,254.16,0.335105327,0.676746469,450.4576855,2.516572053,0,8.3,0.311824199
B,cascades,urban,mid,16,1/4/2016,1.548253877,1.880713256,386.011764,0,0,335.55,213.7,0.541173884,0.799957209,225.5502883,3.16545429,0,4.4,11.84673616
B,cascades,urban,mid,17,2/8/2016,4.221272099,1.90339133,250.3475983,0,0,545.576,185.5,0.722102791,1.152570859,233.6935633,5.942381268,9.624944261,5.9,2.221791903
B,cascades,urban,mid,18,3/7/2016,6.764986901,2.442522203,255.3775895,6.829148922,0,629.75,164.18,0.900822854,1.50562626,204.2255983,6.353759123,1.858309723,7.9,0.36348218
B,cascades,urban,mid,19,4/11/2016,8.19689806,1.280008648,104.9200088,1.098863125,0,408.637,51.23,0.819605495,1.351508888,58.25944106,10.80582984,0.308675484,9.9,0.054806696
B,cascades,urban,mid,20,5/9/2016,11.57852146,-0.834145081,49.92279478,0.20714049,0,156.23,28.94,0.950335806,1.20894795,80.44396505,12.41758459,0.054806696,12.9,0
B,cascades,urban,mid,21,6/13/2016,13.22758681,-1.438293525,96.9963144,0.01220509,0,95.06,26.5,1.271041568,1.400418991,105.7980873,14.61476594,0,17.1,0
B,cascades,urban,mid,22,7/11/2016,13.96195859,-1.355411605,105.571703,0,0,91.75,49.07,1.332236463,1.217906643,41.1081572,16.26824342,0,16.6,0
B,cascades,urban,mid,23,8/22/2016,17.98783753,-1.782309503,18.04991267,0,0.167,79.46,1.98,1.166363362,1.019422486,22.00250656,17.59792506,0,19,0
B,cascades,urban,mid,24,9/12/2016,16.20519575,-1.706056226,36.59715285,0,0,78.857,21.07,1.216743981,0.022386507,77.57732749,13.20453013,0,16.7,0
C,cascades,agricultural,mid,1,10/14/2014,13.13375677,2.050732042,182.2841197,0,85.372,341.938,83.29,1.028298982,2.267786504,379.2609356,10.54358749,0.475493606,10.8,5.429339925
C,cascades,agricultural,mid,2,11/4/2014,9.553992489,1.832092369,444.9909105,0.138301362,216.471,1386.919,204.55,1.190013664,2.135702148,360.534175,4.108131875,0,9.2,6.630252179
C,cascades,agricultural,mid,3,12/9/2014,3.078602738,1.402612059,328.2127011,0,52.878,1148.892,115.13,1.678827439,1.496825201,312.1489032,3.140919226,0,8,9.802293248
C,cascades,agricultural,mid,4,1/13/2015,2.69415597,0.925750441,264.6010312,1.856791788,0,1258.876,154.62,1.929941206,1.275900945,272.7114487,4.676373807,4.190184786,5.6,5.612108462
C,cascades,agricultural,mid,5,2/10/2015,5.743674808,-0.126113788,330.8255482,2.402743169,19.874,1400.209,125.76,1.881927076,0.98696879,199.2557494,5.961776463,1.592749631,8.1,4.019358832
C,cascades,agricultural,mid,6,3/10/2015,5.728714442,-0.331985316,36.48204728,1.085220285,0,437.2,20.66,1.418876684,1.180123371,260.330166,6.891858896,0.569778452,9.1,3.44958038
C,cascades,agricultural,mid,7,4/14/2015,6.341496219,-1.203001421,226.1362676,0,0,611.63,111.4,1.18872444,1.020392341,112.0848239,6.775494551,0,8.35,4.592311863
C,cascades,agricultural,mid,8,5/12/2015,8.913263113,-1.921308554,92.42084506,0,0,554.823,32.9,0.812924477,0.890753846,52.24209757,12.3720472,0.072644668,13.1,4.519667195
C,cascades,agricultural,mid,9,6/9/2015,14.06864384,-2.871308554,34.10828975,0.662686468,0,469.77,6.57,0.640476292,0.567146382,19.74938633,16.1921468,1.070131136,18.1,3.449536059
C,cascades,agricultural,mid,10,7/14/2015,18.15197166,-3.613325532,12.89381288,1.310899177,0,367.27,10.23,0.529104766,0.058336175,32.45788232,17.72354295,1.124696378,17.8,2.324839682
C,cascades,agricultural,mid,11,8/18/2015,16.74160957,-3.262261848,52.48932595,0.969353365,0,292.525,18.48,0.717988466,-0.003430553,129.6688882,16.58674693,0.647634513,19.2,1.677205169
C,cascades,agricultural,mid,12,9/22/2015,12.56832998,-3.213879538,235.7792957,0.432204609,25.869,324.427,93.5,0.701442729,-0.052325411,149.517329,11.61711636,0.22069611,10.1,1.456509059
C,cascades,agricultural,mid,13,10/13/2015,11.37464078,-2.876933415,136.613501,0.08596475,16.485,321.176,50,0.26844546,-0.215135324,214.6373189,10.93433091,0.166268582,11.1,1.290240477
C,cascades,agricultural,mid,14,11/3/2015,10.06822842,-2.072519211,244.0774597,0.105996156,59.35,455.349,110.07,0.345697723,0.202488885,346.3812223,3.512102449,0,8.18,2.85621395
C,cascades,agricultural,mid,15,12/8/2015,3.677044422,2.034255421,424.7319468,0,66.566,1009.978,125.44,0.573957145,0.424930853,406.349331,1.998230918,0,7.5,5.017990689
C,cascades,agricultural,mid,16,1/5/2016,0.810748195,1.881610844,284.210679,0,0,533.76,152.67,0.605521273,0.605095961,287.3293058,2.861994711,0,3.7,18.12102275
C,cascades,agricultural,mid,17,2/9/2016,4.003641852,1.894465976,319.5224245,0,0,1004.12,103.71,1.011317296,1.15701443,303.1335664,5.147810311,6.348892207,5.5,11.77213055
C,cascades,agricultural,mid,18,3/8/2016,5.738271614,2.479866205,344.4713531,2.89095384,0,1317.887,185.97,0.981585422,1.503063734,272.3122887,5.847363862,0,6.6,12.61849695
C,cascades,agricultural,mid,19,4/12/2016,7.756084527,1.332809008,142.8737877,0,0,862.83,62.95,0.928291053,1.372765198,91.18095071,10.01982311,0,9.1,12.95941985
C,cascades,agricultural,mid,20,5/10/2016,11.02417592,-1.005589562,60.63195673,0.961603232,0,726.406,38.38,0.960086983,1.104291875,69.31613682,11.72155246,1.392513071,12.4,11.56690678
C,cascades,agricultural,mid,21,6/14/2016,11.93292921,-1.432238443,133.8853873,1.401580513,0,669.263,37.28,1.175098506,1.021879429,110.900664,13.43672736,0.895072936,11.2,10.67183385
C,cascades,agricultural,mid,22,7/12/2016,12.99124167,-1.358225111,92.58850609,0.746370296,0,534.033,38.36,1.172565303,1.081166314,51.05236921,15.15933967,1.100856874,15.4,9.570976973
C,cascades,agricultural,mid,23,8/23/2016,17.01843665,-1.792194801,1.891247484,1.870706653,0,300.15,1.04,0.90225518,0.729907518,30.35624746,16.80650995,1.476583665,16.3,8.094393308
C,cascades,agricultural,mid,24,9/13/2016,15.29244241,-1.72778218,59.45925047,0.958789966,0,249.07,11.94,0.802247242,0.306779152,110.5440493,12.23714495,1.070000265,15.2,7.024393043
E,cascades,agricultural,low,1,10/15/2014,14.36463223,2.082233028,142.0297121,0,1.889,7.828,93.1,1.205386576,2.345701649,243.3109352,12.60130657,0,11.8,0
E,cascades,agricultural,low,2,11/5/2014,11.70583292,1.858679633,295.6623381,0,13.142,52.907,199.28,1.307201868,2.00271825,211.9400001,5.861718227,0,10.6,0.041053957
E,cascades,agricultural,low,3,12/10/2014,4.816554826,1.483349542,208.5842087,0,1.866,76.491,122.84,1.661998238,1.355388721,195.8567986,4.999462752,0,9,0.089419819
E,cascades,agricultural,low,4,1/14/2015,4.291159762,0.934009725,216.4187772,0.136022079,0,123.011,172.01,1.88638963,1.22121841,216.0926979,5.764063588,0.089148294,5.4,2.72E-04
E,cascades,agricultural,low,5,2/11/2015,7.407122924,0.64585936,197.8152158,2.90E-04,0,98.872,141.91,1.802475362,0.799372877,128.8916187,7.607266828,2.72E-04,8.1,0
E,cascades,agricultural,low,6,3/11/2015,7.014713467,0.474971012,41.30338127,0,0,37.44,31.63,1.346922171,0.995949237,173.5969785,8.720559872,0,8.7,0
E,cascades,agricultural,low,7,4/15/2015,8.618043908,-1.011320367,151.1043166,0,0,46.09,90.65,1.048739615,0.799139437,85.38197839,8.918565349,0,7.85,0
E,cascades,agricultural,low,8,5/13/2015,10.93120256,-1.775990275,83.66953234,0,0,26.57,52.11,0.539824683,0.663692433,47.00233814,13.69018798,0,12.2,0
E,cascades,agricultural,low,9,6/10/2015,15.34154366,-2.725990275,25.7788849,0,0,11.87,17.67,0.41581332,0.316432242,24.22784169,17.19150299,0,14.1,0
E,cascades,agricultural,low,10,7/15/2015,18.96558484,-3.636446606,10.08935249,0,0,5.57,8.75,0.242536928,-0.185442708,12.89395682,18.97070085,0,15.2,0
E,cascades,agricultural,low,11,8/19/2015,18.104257,-3.270888349,23.03384889,0,0,4.826,15.86,0.339721975,-0.29582733,73.17467616,17.75277326,0,15.9,0
E,cascades,agricultural,low,12,9/23/2015,14.39584098,-3.105101926,169.1771222,0,0.182,6.724,127.05,0.391225987,-0.218314863,117.1852158,13.41848681,0,10.4,0
E,cascades,agricultural,low,13,10/14/2015,12.71030141,-2.905330092,83.51935254,0,0.14,6.757,57.65,0.014763386,-0.63501622,160.8734174,12.03605593,0,10.6,0
E,cascades,agricultural,low,14,11/4/2015,11.09380117,-1.968655321,177.4485972,0,1.306,23.719,129.46,0.420598027,0.235472932,284.20759,4.865051559,0,8.38,0
E,cascades,agricultural,low,15,12/9/2015,5.177940958,2.280684496,335.2221942,0,23.206,76.853,244.12,0.808220157,0.714997851,312.9799641,3.987240081,0,8.1,0.005495475
E,cascades,agricultural,low,16,1/6/2016,2.346291866,2.184466056,202.3399641,0,0,69.07,180.31,0.481995035,0.615882624,160.9582374,4.330222792,0.005466466,4.3,2.90E-05
E,cascades,agricultural,low,17,2/10/2016,5.967237658,2.167131102,178.68982,0.005905482,0,86.973,107.73,0.962478084,1.213340095,235.1977698,7.009231577,2.90E-05,6.4,0
E,cascades,agricultural,low,18,3/9/2016,7.737447904,2.688679633,271.7727698,0,0,85.65,174.49,0.912996426,1.48130519,185.5007554,8.098483409,0,7.4,0
E,cascades,agricultural,low,19,4/13/2016,9.557176258,1.629796147,124.9282374,0,0,54.79,91.98,0.954618272,1.474135615,89.94115101,11.48711511,0,9.4,0
E,cascades,agricultural,low,20,5/11/2016,12.79072873,0.525451655,44.506223,0,0,19.51,48.25,0.979494944,1.288932471,52.06402877,13.54199872,0,11.9,0
E,cascades,agricultural,low,21,6/15/2016,13.87230402,-1.510228165,100.3498921,0,0.298,14.572,83.2,1.281962855,1.222773387,89.62507197,15.16057314,0,10.6,0
E,cascades,agricultural,low,22,7/13/2016,15.29248387,-1.753805872,59.53187051,0,0,10.55,48.52,1.285735885,1.251866443,29.87863307,17.00582907,0,14.7,0
E,cascades,agricultural,low,23,8/24/2016,18.22652692,-2.336927249,1.876151079,0,0,5.54,1.32,1.069595116,0.628384536,62.47902873,18.05257949,0,13.7,0
E,cascades,agricultural,low,24,9/14/2016,16.60655731,-2.304262203,85.93618703,0,0,7.529,77.73,1.013798379,0.141532557,66.91550362,13.94979856,0,11.6,0
F,cascades,forest,high_large,1,10/15/2014,11.0769403,2.401848067,171.576834,0,54.096,1977.546,79.99,1.011924803,2.505744259,315.6382424,8.128991947,0.785692553,11.8,2.448978328
F,cascades,forest,high_large,2,11/5/2014,6.762009405,2.294415072,381.6292753,0.271963111,609.331,4677.006,151.28,1.430383012,2.19426132,384.6071318,1.01603531,0,9.5,4.2793123
F,cascades,forest,high_large,3,12/10/2014,-0.014575984,1.807874108,380.7139394,0,463.611,5479.219,99.23,1.779967951,1.166417147,285.9246983,-0.106180798,0,7,13.49784436
F,cascades,forest,high_large,4,1/14/2015,0.163276862,1.31512718,256.4520448,0,0,4901.007,126.04,1.857625191,0.872172727,250.8845243,2.279692847,0,5,57.51258298
F,cascades,forest,high_large,5,2/11/2015,3.014286675,0.585124368,324.1368392,0,110.863,5853.277,96.3,1.566871217,0.676114997,201.0426126,3.201654951,17.43896412,6.5,40.07361886
F,cascades,forest,high_large,6,3/11/2015,3.57260622,0.275307493,30.7579697,15.44320524,0,2692.94,29.39,0.878224321,0.722883951,223.6075284,4.667593205,11.44376425,7.2,28.62985461
F,cascades,forest,high_large,7,4/15/2015,3.925837286,-1.340691562,171.1802728,12.17563015,0,2667.44,64.21,0.687288275,0.58730342,90.90715677,4.650320312,7.433927251,7.35,21.19592736
F,cascades,forest,high_large,8,5/13/2015,7.185830562,-2.029966338,62.19042157,4.833603476,4.996,2499.624,40.82,0.447620881,0.39234409,33.74905006,10.69368065,7.66750975,11.3,13.52841761
F,cascades,forest,high_large,9,6/10/2015,12.83735755,-2.979707051,28.6131581,8.794576843,0,2582.143,12.83,0.276346086,0.178409683,17.55762845,15.00254521,8.217210146,14.6,5.311207466
F,cascades,forest,high_large,10,7/15/2015,17.23277832,-3.621456697,15.56223979,6.79232152,0,1837.76,9.19,0.196086776,-0.234974103,27.02154415,16.5787696,3.467524267,15.9,1.843683199
F,cascades,forest,high_large,11,8/19/2015,15.78313816,-3.206660227,44.62834252,2.04829163,0,1428.58,14.62,0.30337772,-0.528961006,117.8128326,15.38956843,1.069407796,16.5,0.774275404
F,cascades,forest,high_large,12,9/23/2015,10.64475951,-3.212514686,179.9018484,0.592539455,32.582,1860.511,92.6,0.282356014,-0.493672879,106.0343663,9.933379381,0.342108649,12.6,0.432166754
F,cascades,forest,high_large,13,10/14/2015,9.572517833,-2.632905466,144.424967,0.110786972,23.761,2146.401,42.95,0.021793858,-0.322401849,242.3065744,8.766275533,0.159824453,11.7,0.272342301
F,cascades,forest,high_large,14,11/4/2015,7.418218028,-1.960318871,283.2111976,0.080381308,71.395,2670.733,97.07,0.099541069,0.356128646,373.3778063,0.764983312,0,9,5.797244356
F,cascades,forest,high_large,15,12/9/2015,0.593981123,1.906276242,509.439693,0,1135.699,4447.221,203.74,0.581141591,0.810508558,449.8339684,-1.488247163,0,6.3,28.82207089
F,cascades,forest,high_large,16,1/6/2016,-2.559145678,1.711528499,244.9867207,0,0,2868.5,152.9,0.723849258,0.911978767,325.9055019,-0.274300417,0,5.1,72.64061498
F,cascades,forest,high_large,17,2/10/2016,0.926291922,1.764305686,343.2347891,0,8.602,4054.848,80.44,0.958326617,1.18677018,289.2995916,2.223795194,9.721964994,5.3,62.91864999
F,cascades,forest,high_large,18,3/9/2016,2.624494162,2.278819439,368.9716153,12.64074726,0,5111.356,137.37,1.076319514,1.494538718,284.515357,2.833456373,9.85794273,6,53.06070726
F,cascades,forest,high_large,19,4/13/2016,5.347503249,1.044336606,111.6654137,9.203583534,0,3778.952,63.88,1.026658879,1.368983634,60.95274176,7.861263922,15.57984091,7.6,37.48086635
F,cascades,forest,high_large,20,5/11/2016,9.051736019,-1.471169857,41.36882213,18.35560751,0,3979.688,36.73,1.066051888,1.144962268,56.43005271,9.431492201,16.91363612,10.6,20.56723023
F,cascades,forest,high_large,21,6/15/2016,9.689822134,-1.404488386,101.6532925,15.05677111,0,4041.991,77.58,1.227940231,1.134300018,90.50764426,11.70639851,9.176918941,9.9,11.39031129
F,cascades,forest,high_large,22,7/13/2016,11.46269717,-1.130613002,72.9803676,6.222629587,0,3185.65,40.53,1.265014398,1.153887542,56.99460606,13.40399167,5.190809357,13.1,6.199501934
F,cascades,forest,high_large,23,8/24/2016,15.76164431,-1.464646805,12.00991699,4.89583586,0,1751.12,1.09,1.037049433,0.733463375,24.48611067,15.41195174,2.649338771,14.6,3.550163163
F,cascades,forest,high_large,24,9/14/2016,13.23271825,-1.354657888,50.27052701,1.051490296,33.552,1801.987,68.44,1.042553624,0.274256688,116.4138919,10.19216366,1.084807475,13.5,2.465355688
G,cascades,forest,mid,1,10/15/2014,13.54654119,1.956041664,215.0123427,0,76.263,257.512,120.41,1.376977054,2.737730758,356.1226483,11.18881588,0,11.4,0
G,cascades,forest,mid,2,11/5/2014,9.940423131,1.711884971,443.6648472,0,124.716,1490.399,230.67,1.597720712,2.336328355,356.5497183,4.188280807,0,9.4,0.598105652
G,cascades,forest,mid,3,12/10/2014,3.385469929,1.28022195,343.6525943,0,25.644,1205.546,135.35,1.901722882,1.370663245,294.7822948,3.331177739,0,8,2.478777519
G,cascades,forest,mid,4,1/14/2015,2.968450341,0.828741826,276.9812103,0.689008285,0,1062.021,157.1,1.932491588,1.075705428,254.8260574,4.908663483,0.767813446,4.8,1.710964072
G,cascades,forest,mid,5,2/11/2015,6.11698064,-0.527658245,319.9614019,0.806409371,0,1464.124,145.13,1.853163005,0.875915043,225.2537327,6.119237033,1.348986411,7.2,0.361977661
G,cascades,forest,mid,6,3/11/2015,5.992610174,-0.718664521,52.55165367,0.56670255,0,280.49,44.02,1.120834045,0.890615069,245.6835351,7.379775991,0.109137251,8.7,0.252840409
G,cascades,forest,mid,7,4/15/2015,6.841117333,-1.226352142,199.7071959,0.008577096,0,623.46,92.58,0.969151886,0.81922177,126.9202036,7.329703016,0,6.86,0.280222088
G,cascades,forest,mid,8,5/13/2015,9.552211525,-1.937907853,100.8423186,0.003050765,0,352.15,41.72,0.54981424,0.576246235,43.75431392,12.57714345,0.040602072,11.2,0.239620016
G,cascades,forest,mid,9,6/10/2015,14.49228704,-2.887907853,29.23774713,0.059602692,0,213.959,21.29,0.391904968,0.23768627,28.18705208,16.73684242,0.088721475,19.6,0.150898541
G,cascades,forest,mid,10,7/15/2015,18.80951602,-3.604255872,13.32412818,0.122753662,0,109.85,4.78,0.294880192,-0.357118594,23.58327742,18.49813574,0.120945507,20.2,0.029953034
G,cascades,forest,mid,11,8/19/2015,17.66073965,-3.272981378,56.79397247,0.088471726,0,92.638,39.71,0.395746201,-0.538986374,121.3183163,17.26973376,0.029953034,21.2,0
G,cascades,forest,mid,12,9/23/2015,13.28018853,-3.246257831,190.679191,2.24E-04,0,242.036,99.27,0.298982764,-0.542190654,111.3501018,12.35882095,0,11.2,0
G,cascades,forest,mid,13,10/14/2015,11.80476684,-2.927544464,128.3231096,0,8.83,258.585,55.81,-0.156472989,-0.496145465,240.7287477,11.15473608,0,11.2,0
G,cascades,forest,mid,14,11/4/2015,10.03177796,-2.130414524,268.9583282,0,0,707.161,117.06,0.075206124,0.055203435,382.2058537,3.439888757,0,8.78,0.086408229
G,cascades,forest,mid,15,12/9/2015,3.475156712,1.992097014,483.0869202,0,642.638,1352.677,253.24,0.746902951,0.943667539,502.6353863,2.040182552,0,7.3,1.087688788
G,cascades,forest,mid,16,1/6/2016,0.730945125,1.832946391,309.9395744,0,0,498.92,222.88,0.910279126,1.043644881,336.2912761,2.837724445,0,3.9,11.27449834
G,cascades,forest,mid,17,2/10/2016,4.179836987,1.845065394,342.9089753,0,0,1053.18,141.24,1.057988447,1.408866293,301.3361714,5.398605504,8.402967587,5.4,2.871530755
G,cascades,forest,mid,18,3/9/2016,5.857696019,2.466566648,383.9959077,5.465449472,0,1478.236,183.68,1.265806289,1.7747298,303.0802336,5.964215969,2.155321511,6.3,0.716209243
G,cascades,forest,mid,19,4/13/2016,8.06903752,1.314653275,142.2233014,1.178050453,0,813.91,71.77,1.229480805,1.719471354,89.7734272,10.28373717,0.406519209,8.2,0.309690034
G,cascades,forest,mid,20,5/11/2016,11.56010475,-1.346588809,64.55411022,0.234049505,0,447.82,50.1,1.314533364,1.491153164,66.28523066,12.03076818,0.085119786,13.6,0.224570248
G,cascades,forest,mid,21,6/15/2016,12.34688106,-1.415748995,132.3883403,0.072528459,69.666,368.711,79.71,1.582290812,1.542659658,132.9058359,14.05950709,0.065610392,9.9,0.158959856
G,cascades,forest,mid,22,7/13/2016,13.86108448,-1.296057812,92.15672259,0.06230078,0,356.946,54.31,1.625652041,1.619538838,62.04487716,15.7261904,0.079091866,16.4,0.079867991
G,cascades,forest,mid,23,8/24/2016,17.50042974,-1.71001861,11.13701617,0.11793558,0,119.68,2.97,1.377900288,1.189483188,27.40289995,17.19660246,0.075856124,17,0.004011867
G,cascades,forest,mid,24,9/14/2016,15.43612725,-1.647255861,60.94482326,0.010319415,0,177.149,24.7,1.343189712,0.334433791,123.6898502,12.6015692,0.004011867,14.9,0
H,cascades,forest,mid,1,10/13/2014,13.93143053,2.239977216,142.3013298,0,0,551.04,73.39,1.201163151,2.375877837,319.7136203,10.86833406,0,NA,0
H,cascades,forest,mid,2,11/3/2014,10.07905363,2.081283172,375.0324344,0,63.859,2371.198,193.65,1.424929764,1.954174334,408.8643141,3.998225149,0,9.8,0.86874998
H,cascades,forest,mid,3,12/8/2014,2.498249054,1.621549933,312.9338616,0,0,3046.9,94.4,1.499734857,0.953143366,288.3088373,2.969729861,0,6.6,4.238070879
H,cascades,forest,mid,4,1/12/2015,2.628361289,1.135599547,346.6142423,0.021814807,0,3730.222,123.57,1.643158682,0.608582627,315.0086378,4.24728247,0.826770898,6.4,3.411299981
H,cascades,forest,mid,5,2/9/2015,5.106402358,0.263693106,331.2711395,1.845039893,247.501,3195.949,129.58,1.453745771,0.527370438,236.3746275,5.705661531,3.104729762,7.3,0.306570219
H,cascades,forest,mid,6,3/9/2015,5.664173102,0.002101322,86.73574614,1.495709061,0,991.09,54.77,0.665147876,0.498951016,223.8109074,7.129183742,0.267881577,8.2,0.038688641
H,cascades,forest,mid,7,4/13/2015,6.598831036,-1.275476619,210.3950801,0.149596194,0,1612.64,101.44,0.413514585,0.406221479,140.4525993,6.961361144,0.036796013,7.95,0.001892628
H,cascades,forest,mid,8,5/11/2015,8.854807061,-1.978405851,100.061606,0.008762734,0,1202.05,49.93,0.116273309,0.085285337,47.45947317,12.07665584,0.001892628,13.4,0
H,cascades,forest,mid,9,6/8/2015,13.51172322,-2.928124151,35.79612206,9.44E-04,0,692.35,22.01,-0.077671937,-0.229791585,14.48067765,16.46874186,0,19.3,0
H,cascades,forest,mid,10,7/13/2015,18.64549047,-3.617359525,5.027092131,0,0,353.39,3.96,-0.164827406,-0.723959202,22.99367835,18.20731582,0,20.2,0
H,cascades,forest,mid,11,8/17/2015,17.23236474,-3.231869693,46.60750987,0,1.167,277.184,36.82,-0.149596194,-0.976205513,82.0547343,17.02952399,0,21.6,0
H,cascades,forest,mid,12,9/21/2015,13.30686738,-3.211769175,142.2814203,0,34.18,372.74,91.46,-0.231360804,-1.025189095,94.06141795,12.11386869,0,16.1,0
H,cascades,forest,mid,13,10/12/2015,11.69974144,-2.745177616,148.3283128,0,151.391,405.557,60.71,-0.334711017,-0.537439513,338.1135229,11.03977418,0,11.9,0
H,cascades,forest,mid,14,11/2/2015,10.58680324,-2.010866496,386.8813159,0,789.434,1122.167,111.97,-0.184256119,-0.078034939,429.8558482,3.19071695,0,9.29,0.067380057
H,cascades,forest,mid,15,12/7/2015,2.701219941,1.966982148,452.4586447,0,82.307,2135.473,204.89,0.497173726,0.800555598,539.9110537,1.499603081,0,6.7,2.441446635
H,cascades,forest,mid,16,1/4/2016,0.645268284,1.792125832,454.5222326,0,0,644.2,203.4,0.630391548,0.877770317,315.0358738,2.371160625,0,2.9,24.86698254
H,cascades,forest,mid,17,2/10/2016,3.758878891,1.826253444,320.2530216,0,1.747,2569.433,192.79,0.768835901,1.19474525,328.992894,5.050828979,12.66810713,5.6,12.19887541
H,cascades,forest,mid,18,3/9/2016,5.508719081,2.372825109,420.9973196,10.23357848,0,3766.957,141.33,1.076011065,1.633352514,330.0133581,5.449762127,6.518743276,6.5,5.680132131
H,cascades,forest,mid,19,4/13/2016,7.622225096,1.179531676,169.3169575,5.756237546,0,2797.393,73.58,1.02613126,1.557581379,105.6918914,9.829651622,4.071430421,7.9,1.60870171
H,cascades,forest,mid,20,5/11/2016,10.92355267,-1.243852105,72.68337899,2.976833652,0,2313.249,53.79,1.154611733,1.413487127,113.7750963,11.36904147,1.465984741,11.3,0.142716969
H,cascades,forest,mid,21,6/15/2016,12.03075136,-1.41770526,153.8371989,0.706958492,0,1461.16,43.35,1.452071987,1.504069108,139.8731214,13.79948294,0.140184827,11.9,0.002532142
H,cascades,forest,mid,22,7/13/2016,13.45056282,-1.238565487,127.7660246,0.024033178,0,1032.72,44.6,1.532489345,1.389681533,68.73922722,15.34152992,0.002532142,15.3,0
H,cascades,forest,mid,23,8/24/2016,17.11983003,-1.619819682,20.3252518,0,0,460.13,16.99,1.35820989,1.104592361,25.17577164,16.81280276,0,18.5,0
H,cascades,forest,mid,24,9/14/2016,15.05580681,-1.531106795,59.67561617,0,0,393.32,36.22,1.375693572,0.332886377,137.8421675,12.28559171,0,15.6,0
I,olympics,forest,high_small,1,10/27/2014,9.554797726,1.719114772,369.4517317,0,2.77,126.383,255.22,-0.286300745,1.965008338,476.8847484,9.216121823,0,7.4,0
I,olympics,forest,high_small,2,11/17/2014,4.607141205,1.346268941,451.0968713,0,0,80.4,318.39,-0.030759139,0.963650654,318.9334077,3.392321229,0,3.9,0.795000001
I,olympics,forest,high_small,3,12/15/2014,3.518113083,0.951118389,526.6900557,0,0,222.611,411.41,0.890151312,0.81558308,475.4127372,2.309889171,0,5.4,2.134562984
I,olympics,forest,high_small,4,1/26/2015,3.969330571,0.560903314,215.699274,0,0,124.537,145.67,0.88587303,0.246769939,216.0153075,4.910610921,0,NA,7.017689681
I,olympics,forest,high_small,5,2/23/2015,5.563179544,-0.744935478,311.9986593,6.851329226,0,74.36,223.45,0.729838714,0.397440893,333.2706147,5.047819234,6.817963024,4.7,0.199726657
I,olympics,forest,high_small,6,3/23/2015,5.061387978,-0.88344804,205.2644694,0.507509153,1.336,85.632,144.65,0.229743036,0.30130339,223.2739665,5.759612542,0.199726657,5.7,0
I,olympics,forest,high_small,7,4/27/2015,4.872576578,-1.220043015,100.380447,0,0,40.21,77.45,0.203132834,0.233443004,99.75927382,4.988300748,0,7.1,0.019063315
I,olympics,forest,high_small,8,5/18/2015,7.776922558,-1.956594975,84.50882675,0.01972067,0,32.34,54.67,0.037788618,0.025338344,38.58206696,10.71521896,0.019063315,9.4,0
I,olympics,forest,high_small,9,6/22/2015,13.72345984,-2.911573468,24.76441346,0,0,16.6,17.96,-0.030595278,-0.068284462,24.85128496,14.98065922,0,11.5,0
I,olympics,forest,high_small,10,7/27/2015,16.54617993,-3.603318995,33.94642461,0,0,10.946,26.28,-0.011112752,-0.717198725,33.94642461,16.61867093,0,10.9,0
I,olympics,forest,high_small,11,8/17/2015,15.49830861,-3.27336201,43.09139666,0,0,9.344,35.51,0.115782032,-0.244649988,130.6301678,15.61050189,0,11.7,0
I,olympics,forest,high_small,12,9/28/2015,10.31969273,-3.225150552,107.127542,0,0,23.136,66.91,0.18327526,-0.702034424,88.11905034,10.47056797,0,8.5,0
I,olympics,forest,high_small,13,10/26/2015,10.49516375,-2.915193567,103.2521787,0,1.897,18.293,57.2,-0.440181715,-0.020250349,214.8408939,10.01960984,0,9.3,0
I,olympics,forest,high_small,14,11/16/2015,5.635092467,-2.155021507,479.3755309,0,4.633,99.904,291.93,0.027385315,-0.025800833,435.8488269,2.752537245,0,6.6,5.958923646
I,olympics,forest,high_small,15,12/1/2015,2.627355039,1.497086225,426.6630169,0,0,65.89,267.77,0.572191576,1.271909545,755.0549164,0.837362588,0,NA,8.898185261
I,olympics,forest,high_small,16,1/11/2016,-0.310870737,1.405125623,237.6608938,0,0,58.95,179.74,1.276077112,1.545912564,539.0936311,2.070605516,0,3.9,22.07786626
I,olympics,forest,high_small,17,2/22/2016,3.619607977,1.728770652,381.3270949,7.284727387,0,190.762,270.09,1.109531224,1.514233291,299.2270948,3.900972839,13.76200803,5,8.315858225
I,olympics,forest,high_small,18,3/28/2016,3.176579655,2.411917587,514.1502792,8.86891544,0,138.826,441.66,1.765684356,2.104141017,497.5006144,3.734500811,6.660201344,4.9,1.655656881
I,olympics,forest,high_small,19,4/25/2016,8.591381236,1.237025125,72.68625698,1.541793493,0,134.036,61.6,1.786642293,2.018211623,73.71072626,8.412169459,1.508457625,5.3,0.147199256
I,olympics,forest,high_small,20,5/23/2016,9.46506839,-1.521444423,32.3529609,0.272061262,0,101.44,46.92,1.881728758,1.802276025,50.57189942,9.957562625,0.147199256,7.4,0
I,olympics,forest,high_small,21,6/27/2016,11.5004084,-1.46310392,53.48312845,0,0,60.22,60.32,1.98285689,1.797549784,53.48312845,11.90969181,0,10.3,0
I,olympics,forest,high_small,22,7/25/2016,13.13804277,-1.35301789,34.20391061,0,0,33.24,33.87,1.970009764,1.954660058,34.20391061,13.60472518,0,11.6,0
I,olympics,forest,high_small,23,8/29/2016,15.60221249,-1.759698895,20.06916201,0,0,15.74,13.9,1.807789743,1.990897407,21.89139664,15.43235538,0,11,0
I,olympics,forest,high_small,24,9/26/2016,11.40013871,-1.711315378,62.44988824,0,0,14.005,40.44,1.763780177,1.236238132,65.72016758,10.96986127,0,10.1,0
J,cascades,forest,mid,1,10/29/2014,10.51608916,2.169568038,197.9219259,0,34.541,593.556,130.99,0.833135626,2.219727655,230.979022,10.33033954,2.005943254,10.3,67.25278639
J,cascades,forest,mid,2,11/19/2014,4.908837972,1.989623543,239.2620551,0,0,525,153.63,1.09315071,1.704208616,266.6423308,3.57937685,0,4.4,71.45222418
J,cascades,forest,mid,3,12/17/2014,3.68846306,1.536844151,257.9890564,0,0,1030.364,140.54,1.34838046,0.843001078,238.1073029,2.606567665,0,5.4,78.17519184
J,cascades,forest,mid,4,1/28/2015,4.603229064,1.059416518,189.7413701,NA,0,1084.913,94.68,1.358325088,0.348574859,189.0614993,4.982386695,26.89957829,7.4,51.27561355
J,cascades,forest,mid,5,2/25/2015,5.699125229,0.067165936,148.1331538,6.869101882,0,640.53,88.2,1.098411807,0.231630465,170.289776,5.429781345,5.680748188,6.5,45.59486536
J,cascades,forest,mid,6,3/25/2015,5.79508981,-0.176895942,181.5743042,2.340774959,13.424,715.619,125.64,0.477735674,0.293534684,176.7743817,6.629539201,2.073379479,7.5,43.52148588
J,cascades,forest,mid,7,4/29/2015,5.959967687,-1.263323163,104.6155967,0,0,508.85,49.46,0.171469309,0.135229348,104.6155967,6.03641297,0,10.4,48.9121519
J,cascades,forest,mid,8,5/20/2015,8.606347368,-1.968450366,71.30590694,0,0,495.347,33.75,-0.101647232,-0.182208275,43.92735029,10.77086024,0,12.5,49.34599707
J,cascades,forest,mid,9,6/24/2015,14.57913511,-2.918301971,21.65413184,5.389635584,0,327.36,9.35,-0.302882442,-0.416396402,21.89840155,15.77496252,5.252557432,16.7,44.09343964
J,cascades,forest,mid,10,7/29/2015,16.96579046,-3.614347736,23.01853082,6.907004112,0,336.69,5.22,-0.390635399,-0.90062625,23.01853082,17.3255601,6.024233074,15.1,38.06920656
J,cascades,forest,mid,11,8/19/2015,16.55535188,-3.242303484,35.89115899,2.661699842,3.054,344.322,19.21,-0.376105972,-1.003772203,61.91890133,16.22807876,3.93068616,15.8,34.1385204
J,cascades,forest,mid,12,9/1/2015,15.66261213,-3.220537245,68.61956483,1.612663054,0,329.527,52.69,-0.457528265,-1.29677905,58.17620424,11.45763823,1.973087896,10.8,32.16543251
J,cascades,forest,mid,13,10/28/2015,10.90139759,-2.790686682,111.8833219,3.747700131,0.157,219.613,54.81,-0.541028794,-0.551308909,250.3636062,10.59338314,1.989488437,9.9,30.17594407
J,cascades,forest,mid,14,11/18/2015,5.539363384,-2.04069418,453.4073675,0,368.22,1115.223,252.98,-0.3885712,-0.165772012,291.1126367,3.098198477,0,7.5,39.830567
J,cascades,forest,mid,15,12/9/2015,3.29390297,1.973393455,433.9533906,0,728.194,994.741,280.48,0.422238624,0.812328735,469.4350021,1.249444831,0,8.1,58.66876164
J,cascades,forest,mid,16,1/13/2016,0.085205693,1.802437509,250.7282293,0,13.726,642.664,139.97,0.613089098,0.862762682,245.0277682,2.435046282,0,5.9,67.07211531
J,cascades,forest,mid,17,2/24/2016,4.192070229,1.831093095,260.1262214,4.232354302,0,1510.616,156.76,0.857525151,1.207324336,245.6597673,4.608499161,0.695676752,6.3,66.37643856
J,cascades,forest,mid,18,3/30/2016,4.243573594,2.3963126,208.3961094,0,0,891.13,142.09,1.023811846,1.591550639,232.7853598,4.482924143,0,7.3,77.24399802
J,cascades,forest,mid,19,4/27/2016,9.368207298,1.213237215,69.20889272,0,0,816.557,39.17,0.953415645,1.452054726,72.08743646,9.174156183,0,9.7,78.98458789
J,cascades,forest,mid,20,5/25/2016,10.1898365,-1.269226676,72.87625162,4.895575794,0,729.451,28.66,1.056175842,1.28716049,73.73960362,10.47156537,5.230753735,10.9,73.75383415
J,cascades,forest,mid,21,6/29/2016,12.50641942,-1.417325822,111.6885653,4.39909201,1.807,652.699,47.47,1.377467309,1.482908795,111.6885653,12.54998671,3.683213473,14.8,70.07062068
J,cascades,forest,mid,22,7/27/2016,13.846546,-1.25299808,52.23956485,3.082617073,0.405,494.275,21.44,1.45045175,1.307071588,52.3119259,14.24128879,3.503934235,15.9,66.56668645
J,cascades,forest,mid,23,8/31/2016,16.24188244,-1.642429317,20.78450237,5.653089265,0,326.5,6.45,1.290778061,1.176913515,24.57777251,16.06583508,5.026025016,13,61.54066143
J,cascades,forest,mid,24,9/28/2016,11.67845043,-1.560164606,88.18570873,3.222803823,0,304.277,36.85,1.398525619,0.223422888,81.56815595,11.52723388,3.49469709,11.8,58.04596434
K,cascades,agricultural,mid,1,10/29/2014,12.12482049,1.966137891,207.0199506,0,0,156.84,135.87,0.504593471,2.073685132,244.0392037,11.94027688,0.572137345,12.6,48.52341004
K,cascades,agricultural,mid,2,11/19/2014,6.452502983,1.722123652,229.0402471,0,13.756,256.786,164.48,0.758319061,1.539199988,239.6314223,5.162977485,0,7.3,51.84109293
K,cascades,agricultural,mid,3,12/17/2014,5.196809066,1.300970594,255.6510543,0,0,462.45,170.73,1.110659285,0.739302928,230.5182372,4.261408212,0,7.1,55.6992596
K,cascades,agricultural,mid,4,1/28/2015,5.49815325,0.834465847,178.7275893,NA,0,568.641,126.43,1.191195125,0.314531257,179.1357661,5.814984677,NA,7,25.52371789
K,cascades,agricultural,mid,5,2/25/2015,6.996921833,-0.362036557,155.0608402,0.453776501,0,328.76,97.83,0.963817807,0.169432124,178.6201318,6.945156705,0,7.4,26.41280006
K,cascades,agricultural,mid,6,3/25/2015,7.252163362,-0.54694675,187.493218,0,6.825,206.109,124.8,0.45428691,0.244059346,182.7791488,8.016109901,0,8.7,27.54422583
K,cascades,agricultural,mid,7,4/29/2015,7.725188889,-1.188482935,91.94598022,0,0,160.3,45.33,0.148294522,0.075520669,91.94598022,7.799984716,0,10.9,31.33884841
K,cascades,agricultural,mid,8,5/20/2015,10.26846371,-1.909245282,62.53312466,0,0,157.9,31.67,-0.151933945,-0.20258741,41.9672268,12.28221015,0,11.5,32.37626099
K,cascades,agricultural,mid,9,6/24/2015,16.13315363,-2.859245282,15.40501374,1.242082916,0,106.27,5.02,-0.330608356,-0.442390845,15.46840199,17.2205659,1.484219858,14.7,30.89204113
K,cascades,agricultural,mid,10,7/29/2015,18.69211006,-3.609090303,14.31834158,2.918616093,0.539,105.001,2.92,-0.415030055,-0.922391298,14.31834158,19.00318923,2.602859574,17.8,28.28918156
K,cascades,agricultural,mid,11,8/19/2015,18.28292223,-3.274183925,29.09059858,1.247878241,0.449,106.696,25.09,-0.34675168,-0.885315478,62.78336628,17.953346,1.852617312,17.9,26.43656425
K,cascades,agricultural,mid,12,9/1/2015,17.43867068,-3.223952008,69.44504668,0.761301265,1.099,109.688,68.17,-0.460537624,-1.149231397,44.87416255,13.23991305,0.655999728,14.6,25.78056452
K,cascades,agricultural,mid,13,10/28/2015,12.21180774,-2.930849764,103.9066501,1.48107648,0,130.203,58.67,-0.599186814,-0.559545463,251.3763042,12.02379409,0.879851326,12.6,24.90071319
K,cascades,agricultural,mid,14,11/18/2015,7.480089853,-2.107966247,494.0826909,0,90.254,219.787,363.93,-0.350313721,-0.163724449,317.0056837,4.59239676,0,8.7,30.53396029
K,cascades,agricultural,mid,15,12/1/2015,4.337451003,2.041299856,299.5392807,0,0,450.773,245.05,0.526129971,0.840642352,476.1123503,3.10275531,0,NA,38.51522631
K,cascades,agricultural,mid,16,1/13/2016,1.538591339,1.893281306,244.326414,0,14.612,515.778,171.4,0.654451397,0.887667448,257.7428226,3.870267489,0.42394642,6.2,38.09127989
K,cascades,agricultural,mid,17,2/24/2016,5.813357666,1.899623997,261.0512301,3.06918939,0,660.999,186.63,0.833646521,1.169167726,241.4262988,6.136847885,0,7.4,38.82644316
K,cascades,agricultural,mid,18,3/30/2016,6.06891761,2.507303174,219.9294398,0,0,498.94,170.57,1.041373839,1.56884646,248.7242285,6.290553225,0,8.1,45.45266204
K,cascades,agricultural,mid,19,4/27/2016,11.10456371,1.372558852,65.91038989,0,0,183.09,42.79,0.962664191,1.417176068,66.55108182,10.95174968,0,10.2,47.52303542
K,cascades,agricultural,mid,20,5/25/2016,12.13228361,-1.037525439,43.76604065,0.828069315,0,142.98,10.07,1.013050009,1.184759988,46.92403625,12.38148988,0.866127129,11.5,46.65690829
K,cascades,agricultural,mid,21,6/29/2016,14.28949545,-1.431454835,88.54908294,0.493371855,0,130.695,41.93,1.279078597,1.346610409,88.54908294,14.32397007,0.390345071,14.8,46.26656322
K,cascades,agricultural,mid,22,7/27/2016,15.67257541,-1.374806001,44.93027458,0.586160071,0,123.605,17.7,1.338377371,1.230268739,44.93027458,16.07694806,0.732903247,18.1,45.53365997
K,cascades,agricultural,mid,23,8/31/2016,17.86233123,-1.818312146,16.68958264,2.029578352,0,120.99,4.35,1.147644216,1.075928083,19.47857769,17.70690528,1.818115027,15.5,43.71554494
K,cascades,agricultural,mid,24,9/28/2016,13.45270541,-1.761586374,78.98605164,1.318693887,3.75,122.154,50.49,1.262663856,0.087276783,74.21018125,13.27722533,1.420722272,14.6,42.29482267
L,olympics,forest,mid,1,10/27/2014,11.2103526,0.8349591,354.9174002,0,29.479,325.644,216.37,-0.082049754,2.169016509,440.8685787,10.87353301,0,9.1,0
L,olympics,forest,mid,2,11/17/2014,6.235891054,-0.089470085,479.0400517,0,0,372.94,325.85,0.211200988,1.460681348,475.0866724,4.763257655,0,7,0.397051993
L,olympics,forest,mid,3,12/15/2014,4.825313154,-0.314278719,556.3936742,0,0,575.201,421.71,0.866406882,0.507756496,471.5084227,3.884729413,0,7.4,0.717781629
L,olympics,forest,mid,4,1/26/2015,4.816256799,-0.461148196,371.6605374,0,0,417.317,261.43,1.01318371,-0.032003359,374.7059274,5.605458714,0,7.7,1.501906415
L,olympics,forest,mid,5,2/23/2015,6.779557462,-0.817939157,331.1261527,1.453028151,0,307.325,227.19,0.765238775,-0.175815161,348.7851995,6.499113952,1.472100151,7.3,0.029806264
L,olympics,forest,mid,6,3/23/2015,6.28380416,-0.753663721,268.3734142,0.103810434,1.857,307.976,173.92,0.130800047,-0.088045662,314.0715252,7.013801086,0.029806264,7.5,0
L,olympics,forest,mid,7,4/27/2015,6.52234387,-1.171373895,116.6700346,0,0,150.23,76.38,-0.171576047,-0.243654386,112.5346447,6.665556903,0,10.1,0
L,olympics,forest,mid,8,5/18/2015,9.389643817,-2.037710174,81.92788566,0,0,108.53,44.35,-0.511117366,-0.426291609,46.57916814,11.8475717,0,11.4,0
L,olympics,forest,mid,9,6/22/2015,14.8778647,-3.017023227,13.24435009,0,0,77.51,4.59,-0.603218871,-0.62963005,13.83499133,16.09311901,0,11.6,0
L,olympics,forest,mid,10,7/27/2015,17.71881133,-3.619542035,19.92944541,0,0,55.7,6.44,-0.63082534,-1.165039768,19.92944541,17.82941773,0,11.3,0
L,olympics,forest,mid,11,8/17/2015,16.96609514,-3.24091593,31.69490467,0,0.009,55.729,16.11,-0.414383032,-0.923978493,158.6367937,16.85051043,0,11.3,0
L,olympics,forest,mid,12,9/28/2015,12.01375336,-3.054808634,119.322825,0,0,84.737,113.74,-0.398276322,-0.810562938,92.18282496,12.0492383,0,10.1,0
L,olympics,forest,mid,13,10/26/2015,11.40105122,-2.696182529,173.1940207,0,15.535,105.015,102.2,-0.708933372,-0.257593749,331.5733795,11.1285987,0,10.5,0
L,olympics,forest,mid,14,11/16/2015,7.387216279,-2.130686948,648.5142807,0,71.282,359.371,450.24,-0.343432859,0.050150862,535.5337607,3.981225881,0,NA,0.908504911
L,olympics,forest,mid,15,12/7/2015,3.714715832,-0.863366071,774.4289947,0,19.563,444.04,548.14,0.448842998,0.927787297,866.8287345,2.639411304,0,8.2,1.834625707
L,olympics,forest,mid,16,1/11/2016,1.116554413,-0.622754357,341.932946,0,0,270.14,220.09,0.886631067,1.190745311,621.5627034,3.488494717,0,6.4,6.948743227
L,olympics,forest,mid,17,2/22/2016,5.218402858,1.233967937,514.8406067,3.303607249,0,692.68,355.1,0.915948648,1.251451742,417.3914211,5.452700055,5.118810157,7.2,1.829933069
L,olympics,forest,mid,18,3/28/2016,5.076247237,2.12801439,568.8383881,1.974428974,0,577.45,449.43,1.422540534,1.82384961,540.521525,5.527395595,1.457335094,7.5,0.372597976
L,olympics,forest,mid,19,4/25/2016,9.963271678,0.831449129,81.14880416,0.401790473,0,214.78,45.94,1.387862086,1.681916702,81.22233969,9.904792606,0.369911089,9.1,0.002686886
L,olympics,forest,mid,20,5/23/2016,11.07926672,-1.77290154,28.6720797,0.017249148,0,135.2,18.57,1.426941389,1.409586339,47.23233966,11.59202745,0.002686886,10.9,0
L,olympics,forest,mid,21,6/27/2016,13.09725064,-1.722672558,53.6210052,0,0,94.63,40.94,1.524057533,1.357662124,53.6210052,13.41940699,0,11.6,0
L,olympics,forest,mid,22,7/25/2016,14.81454879,-1.709924767,32.54894282,0,0,68.98,21.07,1.529127291,1.364857963,32.54894282,15.28186476,0,11.8,0
L,olympics,forest,mid,23,8/29/2016,16.86565649,-2.100382732,15.86247834,0,0,57.45,12.16,1.32501353,1.273113035,24.46013866,16.71275116,0,11.1,0
L,olympics,forest,mid,24,9/26/2016,12.95081874,-2.108779854,117.7486482,0,0.18,65.247,80.29,1.289849449,0.627841849,114.5526517,12.56295205,0,10.6,0
M,cascades,agricultural,low,1,10/27/2014,13.1371625,1.980850624,176.509675,0,11.368,49.025,155.8,0.154107742,1.919789476,217.39055,12.86568831,0,10,0
M,cascades,agricultural,low,2,11/17/2014,7.833453449,1.737020749,215.4945,0,0,81.12,212.33,0.346436201,1.216085853,199.5057501,5.930213751,0,4,0.031018333
M,cascades,agricultural,low,3,12/15/2014,5.785835776,1.331275936,215.3545501,0,0,115.153,206.2,0.735066199,0.313552279,192.3184999,5.109678628,0.003100591,6.1,0.027917742
M,cascades,agricultural,low,4,1/26/2015,5.218363362,0.842765562,183.839875,0.061931035,0,151.613,179.61,0.83190377,-0.045256173,185.81465,5.963076614,0.027917742,8.8,0
M,cascades,agricultural,low,5,2/23/2015,7.701951728,-0.119577788,128.715775,0,0,88.13,129.74,0.554528482,-0.262855784,153.243275,7.640238841,0,7.1,0
M,cascades,agricultural,low,6,3/23/2015,7.724542674,-0.295535257,158.1485999,0,0,128.361,135.41,0.020837568,-0.189356881,165.0722749,8.629963308,0,8.8,0
M,cascades,agricultural,low,7,4/27/2015,8.497412072,-1.132979251,85.65442502,0,0,77.6,52.66,-0.272505692,-0.338488616,75.24985005,8.61638667,0,12.6,0
M,cascades,agricultural,low,8,5/18/2015,10.91776853,-1.867234438,53.48375006,0,0,54.57,33.7,-0.649321152,-0.597479702,33.20320004,13.04463306,0,14.5,0
M,cascades,agricultural,low,9,6/22/2015,16.48550043,-2.817234438,10.55442499,0,0,26.8,5.58,-0.805175041,-0.87388854,10.84274999,17.87130958,0,17.6,0
M,cascades,agricultural,low,10,7/27/2015,19.65565517,-3.616170125,9.831899985,0,0,22.16,3.04,-0.841504843,-1.369286679,9.831899985,19.75266492,0,16.4,0
M,cascades,agricultural,low,11,8/17/2015,18.97708578,-3.275957469,29.74605001,0,0,19.827,28.38,-0.714372536,-1.188814738,65.82754996,18.76752661,0,17.1,0
M,cascades,agricultural,low,12,9/28/2015,14.15925647,-3.191276969,38.79432498,0,0,19.11,41.83,-0.896700542,-1.400145489,37.36779998,14.10638042,0,12,0
M,cascades,agricultural,low,13,10/26/2015,12.87015388,-2.935744813,84.99104989,0,0.486,20.367,60.78,-1.064769457,-0.862459823,230.9222248,12.58322984,0,11.1,0
M,cascades,agricultural,low,14,11/16/2015,8.973537499,-2.075106845,425.9979499,0,32.409,82.397,382.71,-0.567923094,-0.248859391,308.5715251,5.083070415,0,NA,0
M,cascades,agricultural,low,15,12/7/2015,4.693681035,2.11340353,371.5658501,0,23.879,109.131,365.24,0.407872629,0.790853146,423.026825,4.124094759,0,8.5,0
M,cascades,agricultural,low,16,1/11/2016,1.852516381,1.981701248,203.818675,0,0,106.9,177.51,0.587534402,0.919008581,243.3448501,4.463925808,0,5.8,1.254921773
M,cascades,agricultural,low,17,2/22/2016,6.712295688,1.979573655,226.1600249,1.302147413,0,192.353,232.15,0.715361699,1.095790491,209.0973999,6.917769825,1.254921773,7.9,0
M,cascades,agricultural,low,18,3/28/2016,6.974022417,2.567020749,246.86665,0,0,169.7,263.4,0.963127198,1.475235122,229.534825,7.305391133,0,9.1,0
M,cascades,agricultural,low,19,4/25/2016,11.56985043,1.457446061,60.0585,0,0,75.06,45.45,0.91826117,1.349885022,59.884525,11.61775874,0,11.9,0
M,cascades,agricultural,low,20,5/23/2016,12.78547242,-0.584685666,29.56805001,0,0,49.64,8.27,0.931970505,1.066182207,32.90237501,13.36591411,0,13.7,0
M,cascades,agricultural,low,21,6/27/2016,15.0855306,-1.454467843,71.83967504,0,0,35.91,42.38,1.117623268,1.181810619,71.83967504,15.28059625,0,17.7,0
M,cascades,agricultural,low,22,7/25/2016,16.64112242,-1.490211623,31.62919998,0,0,27.68,16.55,1.167985047,1.087230449,31.62919998,17.13380645,0,17.7,0
M,cascades,agricultural,low,23,8/29/2016,18.7275569,-1.977019716,11.4269,0,0,23.62,6.22,0.96767513,0.865524572,17.668125,18.55336855,0,15.8,0
M,cascades,agricultural,low,24,9/26/2016,14.69336336,-1.929147309,69.36179995,0,0,23.408,62.35,1.061358964,-0.187541106,63.53894995,14.26710416,0,14.1,0
Z,olympics,forest,high_small,1,10/29/2014,8.75237109,1.618472596,366.3674044,0,51.342,305.241,230.17,-0.031759473,2.132395594,412.8120289,8.554179739,0,8.1,0
Z,olympics,forest,high_small,2,11/19/2014,3.972638456,1.182820279,353.3279448,0,0,306.95,233.71,0.240663319,1.136605922,334.6511198,2.915682478,0,4.4,0.762370223
Z,olympics,forest,high_small,3,12/1/2014,2.644122713,0.807064215,323.8888404,0,0,555.564,187.52,1.041822586,0.462128548,431.576627,1.894335713,0,5.8,2.590252453
Z,olympics,forest,high_small,4,1/28/2015,4.195429104,0.444546164,233.3472727,0,0,426.948,201.83,1.048834707,-0.034879948,233.3472727,4.486084195,0,5.5,6.403228356
Z,olympics,forest,high_small,5,2/25/2015,4.903575259,-0.753173061,258.3211463,5.466465403,0,313.74,180.78,0.867616842,0.149560787,285.133162,4.649007859,5.35147605,5.3,1.051752306
Z,olympics,forest,high_small,6,3/25/2015,4.420964519,-0.868596674,233.5431093,0.804784427,1.259,302.717,180.98,0.306923231,0.277826201,236.7910539,5.043041779,0.728593226,6.1,0.32315908
Z,olympics,forest,high_small,7,4/29/2015,4.322039662,-1.214501654,73.89712781,0.178477578,0,198.508,49.83,0.115719587,0.23981765,73.89712781,4.364945103,0.086675109,6.8,0.236483971
Z,olympics,forest,high_small,8,5/20/2015,7.361868838,-1.965842556,54.44105398,0.141541048,0,177,31.14,-0.047938801,0.074844171,36.62140973,9.815382933,0.204341083,9.6,0.032142887
Z,olympics,forest,high_small,9,6/24/2015,12.63596997,-2.923602334,9.876982879,0.097711145,0,102.65,6.62,-0.10725398,-0.009363699,9.424071155,13.69538867,0.032142887,12.1,0
Z,olympics,forest,high_small,10,7/29/2015,15.14387352,-3.605207988,15.27548092,0,0,69.27,13.05,-0.071990625,-0.608207743,15.27548092,15.44227719,0,12.6,0
Z,olympics,forest,high_small,11,8/19/2015,14.75842715,-3.269703048,16.64956524,0,0,57.44,10.12,0.001435337,-0.296960637,104.0619765,14.54996281,0,13.4,0
Z,olympics,forest,high_small,12,9/30/2015,9.827480806,-3.205781121,65.4160474,0,0,74.07,45.21,0.063193821,-0.493394555,73.9604084,9.818826747,0,9.5,0
Z,olympics,forest,high_small,13,10/28/2015,9.858777203,-2.890285193,104.7058761,0,0,71.04,48.82,-0.416413921,0.009137969,213.0596047,9.582003273,0,9,0
Z,olympics,forest,high_small,14,11/18/2015,4.701132843,-2.152262861,553.7038471,0,39.029,476.423,401,0.170857378,0.266101857,436.5743083,2.442518226,0,5.9,4.390373293
Z,olympics,forest,high_small,15,12/9/2015,2.680057017,1.228354123,657.2016072,0,196.438,551.964,445.47,0.796056236,1.121193355,662.6810802,0.639662544,0,6.8,6.837595314
Z,olympics,forest,high_small,16,1/13/2016,-0.424339194,1.174263828,242.7327667,0,19.343,244.217,171.16,1.176156194,1.229082465,413.359644,1.633910706,0,4.6,19.31159378
Z,olympics,forest,high_small,17,2/24/2016,3.224953206,1.672470574,384.1398284,8.826763442,0,631.752,293.75,1.195901806,1.394957022,323.7959946,3.54575962,13.03937943,5.2,6.272214354
Z,olympics,forest,high_small,18,3/30/2016,3.048008723,2.379631392,390.3909485,5.394394623,0,421.91,267.29,1.620054289,1.957086038,430.4895914,3.307640784,3.96738839,5.5,2.304825964
Z,olympics,forest,high_small,19,4/27/2016,8.01775862,1.190877559,52.32612645,1.109020492,0,456.298,38.66,1.566222944,1.845102743,52.32612645,7.764012735,1.20946979,6.3,1.095356174
Z,olympics,forest,high_small,20,5/25/2016,9.015562219,-1.549972305,16.88072463,0.87898142,0,382.29,9.79,1.597728955,1.680125525,25.18097496,9.218652301,0.881532807,8,0.213823367
Z,olympics,forest,high_small,21,6/29/2016,10.85912157,-1.492681144,69.39974967,0.313659989,0,280.34,52.18,1.783288512,1.742554983,69.39974967,10.92177712,0.212381996,11.3,0.00144137
Z,olympics,forest,high_small,22,7/27/2016,12.27743447,-1.393699597,21.47549409,0.001491073,0,160.05,11.35,1.750308861,1.758431399,21.47549409,12.67233648,0.00144137,13,0
Z,olympics,forest,high_small,23,8/31/2016,14.78759529,-1.798548318,20.84702242,0,0,94.26,8.75,1.624507235,1.507290572,21.25783928,14.58516915,0,13,0
Z,olympics,forest,high_small,24,9/28/2016,10.34550089,-1.756631095,72.05420287,0,0,67.6,43.1,1.586764216,0.849751082,66.82681155,10.18584234,0,10.1,0
