date,time,HEELCode,river,station_name,NO3_mgL,N_peak_area,d15N,O_peak_area,d18Ovsmow_Corrected,Q,our_yield,monthly_yield,linearComp_yield,linearComp_yieldNA,mountain_range,linearComp_flux,WsAreaSqKm,linearComp_km2
10/13/2014,1,A,Cedar,Cedar R @ Logan St/Renton,0.107,6.179,6.2037,2.518,20.68374087,13.50622227,0.001607811,0.002731436,0.003346042,0.003346042,cascades,152.9578597,457.1307,0.334604216
11/3/2014,2,A,Cedar,Cedar R @ Logan St/Renton,0.17,53.5345,2.17835,23.9875,-2.731774348,33.64890854,0.005546914,0.010811682,0.011552107,0.011552107,cascades,528.0822739,457.1307,1.155210696
12/8/2014,3,A,Cedar,Cedar R @ Logan St/Renton,0.199,56.3555,1.61815,25.2615,-3.149553465,35.99162518,0.013235674,0.01353717,0.014021864,0.014021864,cascades,640.9824486,457.1307,1.402186396
1/12/2015,4,A,Cedar,Cedar R @ Logan St/Renton,0.218,36.955,1.1781,14.814,0.143453501,41.43394036,0.015962234,0.017072066,0.019517875,0.019517875,cascades,892.2219849,457.1307,1.951787497
2/9/2015,5,A,Cedar,Cedar R @ Logan St/Renton,0.389,37.235,2.9432,15.373,-0.001945686,32.01624008,0.02809468,0.023539286,0.021631128,0.021631128,cascades,988.8252705,457.1307,2.163112804
3/9/2015,6,A,Cedar,Cedar R @ Logan St/Renton,0.277,26.494,3.9,11.461,0.519678661,15.95517276,0.013419283,0.008353234,0.008370284,0.008370284,cascades,382.6313663,457.1307,0.837028374
4/13/2015,7,A,Cedar,Cedar R @ Logan St/Renton,0.268,52.333,4.9754,23.575,1.057260778,11.14739852,0.00753772,0.00564653,0.005246424,0.005246424,cascades,239.8301377,457.1307,0.524642378
5/11/2015,8,A,Cedar,Cedar R @ Logan St/Renton,0.167,5.679,4.7,1.938,7.944251401,8.971873066,0.003148601,0.002831868,0.002896153,0.002896153,cascades,132.3920643,457.1307,0.289615343
6/8/2015,9,A,Cedar,Cedar R @ Logan St/Renton,0.163,21.912,4.1,9.334,1.137100518,8.332703991,0.00266437,0.002567124,0.002305435,0.002305435,cascades,105.3885251,457.1307,0.23054353
7/13/2015,10,A,Cedar,Cedar R @ Logan St/Renton,0.11,33.5085,4.3994,14.1245,-0.832582641,5.504429555,0.001561537,0.001144401,0.001243291,0.001243291,cascades,56.83463787,457.1307,0.124329077
8/17/2015,11,A,Cedar,Cedar R @ Logan St/Renton,0.175,34.401,4.7497,13.884,1.212201969,3.310330685,0.00122889,0.001094921,0.000975928,0.000975928,cascades,44.61267082,457.1307,0.097592813
9/21/2015,12,A,Cedar,Cedar R @ Logan St/Renton,0.104,12.479,6,5.5115,4.16081391,4.731745028,0.00074106,0.000930097,0.001039093,0.001039093,cascades,47.50014107,457.1307,0.103909322
10/12/2015,13,A,Cedar,Cedar R @ Logan St/Renton,0.144,14.531,7.9,6.49,3.023625276,9.562873053,0.001875704,0.002602701,0.004822731,0.004822731,cascades,220.4618329,457.1307,0.482273085
11/2/2015,14,A,Cedar,Cedar R @ Logan St/Renton,0.635,23.385,2.6,9.985,3.147463522,41.74469492,0.013468753,0.050101228,0.044187536,0.044187536,cascades,2019.947924,457.1307,4.418753595
12/7/2015,15,A,Cedar,Cedar R @ Logan St/Renton,0.518,32.966,4.0925,13.39,1.790489459,55.81798487,0.042218106,0.054648377,0.053202681,0.053202681,cascades,2432.057864,457.1307,5.320268063
1/4/2016,16,A,Cedar,Cedar R @ Logan St/Renton,0.545,31.853,3.607,12.857,1.520872487,28.94164388,0.060193817,0.029812133,0.021742999,0.021742999,cascades,993.9392495,457.1307,2.174299931
2/8/2016,17,A,Cedar,Cedar R @ Logan St/Renton,0.251,34.381,3.2633,14.855,0.286988244,55.39361016,0.017669798,0.026278874,0.025056774,0.025056774,cascades,1145.422057,457.1307,2.505677385
3/7/2016,18,A,Cedar,Cedar R @ Logan St/Renton,0.203,34.234,2.6031,15.284,0.171000974,38.62417845,0.022988024,0.014819333,0.015189972,0.015189972,cascades,694.3802553,457.1307,1.518997204
4/11/2016,19,A,Cedar,Cedar R @ Logan St/Renton,0.207,37.166,5.0465,15.832,1.118541954,15.1315788,0.009623565,0.005920085,0.005808376,0.005808376,cascades,265.5186993,457.1307,0.580837601
5/9/2016,20,A,Cedar,Cedar R @ Logan St/Renton,0.19,22.552,3.8,9.351,2.31386883,10.64530734,0.004809515,0.003822832,0.003642924,0.003642924,cascades,166.5292564,457.1307,0.364292436
6/13/2016,21,A,Cedar,Cedar R @ Logan St/Renton,0.152,18.923,4.6,7.834,3.186955348,9.873140434,0.002748535,0.002836431,0.00293371,0.00293371,cascades,134.1088858,457.1307,0.29337099
7/11/2016,22,A,Cedar,Cedar R @ Logan St/Renton,0.174,19.482,5,8.458,3.534215739,5.846058605,0.003009551,0.001922586,0.001895751,0.001895751,cascades,86.66060311,457.1307,0.189575111
8/22/2016,23,A,Cedar,Cedar R @ Logan St/Renton,0.186,34.758,5.7,15.231,0.012829524,4.137913356,0.001551914,0.001454681,0.001390226,0.001390226,cascades,63.55151508,457.1307,0.139022636
9/12/2016,24,A,Cedar,Cedar R @ Logan St/Renton,0.15,21.78,5.1,9.025,2.459370613,6.101336498,0.001133061,0.001729775,0.001916528,0.001916528,cascades,87.61036291,457.1307,0.191652766
10/13/2014,1,B,Green,Green R @ Tukwila,0.232,NA,NA,NA,NA,31.44448772,0.002920434,0.005649148,0.007245634,0.007245634,cascades,808.4249655,1115.7408,0.724563416
11/3/2014,2,B,Green,Green R @ Tukwila,0.423,48.5965,4.2036,21.757,-1.893620628,71.39715254,0.011504775,0.023386848,0.023811529,0.023811529,cascades,2656.749441,1115.7408,2.381152899
12/8/2014,3,B,Green,Green R @ Tukwila,0.511,33.277,5.65465,14.606,-0.774383418,62.08696928,0.027402682,0.024568112,0.022232437,0.022232437,cascades,2480.563747,1115.7408,2.223243738
1/12/2015,4,B,Green,Green R @ Tukwila,0.398,38.701,2.9414,16.046,-0.506893781,85.6356241,0.02743673,0.026392952,0.027578909,0.027578909,cascades,3077.091378,1115.7408,2.757890881
2/9/2015,5,B,Green,Green R @ Tukwila,0.499,37.484,4.2107,15.459,0.155413324,53.30039539,0.026060775,0.02059593,0.021370698,0.021370698,cascades,2384.415943,1115.7408,2.137069777
3/9/2015,6,B,Green,Green R @ Tukwila,0.564,8.379,4.9,2.959,8.348983546,28.94529767,0.018984211,0.01264176,0.011742454,0.011742454,cascades,1310.153452,1115.7408,1.174245355
4/13/2015,7,B,Green,Green R @ Tukwila,0.443,55.642,5.854,25.157,1.429509483,25.64845555,0.010476739,0.008798636,0.008585872,0.008585872,cascades,957.9607986,1115.7408,0.858587226
5/11/2015,8,B,Green,Green R @ Tukwila,0.345,7.17,5.1,3.29,5.896648914,16.36165652,0.005869471,0.004371161,0.004613812,0.004613812,cascades,514.7818287,1115.7408,0.4613812
6/8/2015,9,B,Green,Green R @ Tukwila,0.419,25.486,5.5,10.869,1.207448463,9.55504786,0.004634747,0.003100254,0.002649288,0.002649288,cascades,295.5918866,1115.7408,0.264928814
7/13/2015,10,B,Green,Green R @ Tukwila,0.205,46.023,6.5795,19.684,0.394363358,6.803350702,0.001238816,0.001080008,0.001175384,0.001175384,cascades,131.1424152,1115.7408,0.117538424
8/17/2015,11,B,Green,Green R @ Tukwila,0.261,30.268,4.7711,12.261,1.230316629,7.696701532,0.001428422,0.001555592,0.001535068,0.001535068,cascades,171.2737603,1115.7408,0.153506765
9/21/2015,12,B,Green,Green R @ Tukwila,0.325,6.281,5.3,2.861,4.682907395,9.245450339,0.002083407,0.002326815,0.002272445,0.002272445,cascades,253.546005,1115.7408,0.22724454
10/12/2015,13,B,Green,Green R @ Tukwila,0.381,19.165,5.7965,7.754,2.227280939,15.4527771,0.003416701,0.00455913,0.005525407,0.005525407,cascades,616.492242,1115.7408,0.552540735
11/2/2015,14,B,Green,Green R @ Tukwila,0.54,22.4345,1.7,9.5695,2.76527331,98.15562846,0.010817383,0.041044918,0.045333716,0.045333716,cascades,5058.067603,1115.7408,4.533371553
12/9/2015,15,B,Green,Green R @ Tukwila,0.617,33.061,4.4016,13.445,1.87696661,101.2098896,0.047325121,0.04835691,0.054738402,0.054738402,cascades,6107.386846,1115.7408,5.473840202
1/4/2016,16,B,Green,Green R @ Tukwila,0.887,24.151,4.5291,9.698,2.359379079,59.61426918,0.072695941,0.040947206,0.030172251,0.030172251,cascades,3366.44117,1115.7408,3.017225121
2/8/2016,17,B,Green,Green R @ Tukwila,0.456,48.342,3.9999,21.388,-0.982380296,100.7200932,0.025145624,0.035565702,0.033243002,0.033243002,cascades,3709.05731,1115.7408,3.324300151
3/7/2016,18,B,Green,Green R @ Tukwila,0.382,27.659,4.0632,12.305,0.235807988,57.95819039,0.030640384,0.017144649,0.015919324,0.015919324,cascades,1776.183913,1115.7408,1.591932385
4/11/2016,19,B,Green,Green R @ Tukwila,0.241,24.838,7.0375,10.388,0.877215857,38.23151818,0.009056716,0.007134918,0.007790857,0.007790857,cascades,869.257657,1115.7408,0.77908566
5/9/2016,20,B,Green,Green R @ Tukwila,0.308,25.6115,4.95,11.583,-0.923085355,20.57264561,0.006747478,0.00490672,0.004988584,0.004988584,cascades,556.5966387,1115.7408,0.498858372
6/13/2016,21,B,Green,Green R @ Tukwila,0.368,22.967,5,10.329,-2.122636519,14.82292518,0.005201168,0.00422408,0.004023299,0.004023299,cascades,448.8958508,1115.7408,0.40232987
7/11/2016,22,B,Green,Green R @ Tukwila,0.362,29.476,5.4,13.284,-1.10293139,10.74395958,0.003988095,0.003011781,0.002795875,0.002795875,cascades,311.9471348,1115.7408,0.279587459
8/22/2016,23,B,Green,Green R @ Tukwila,0.239,27.905,5.2,12.549,-0.901410204,10.10454692,0.001850345,0.001870101,0.001794173,0.001794173,cascades,200.1832573,1115.7408,0.17941735
9/12/2016,24,B,Green,Green R @ Tukwila,0.034,28.962,5.2,13.013,-0.829957173,11.35694318,0.00027143,0.000299014,0.000620588,0.000620588,cascades,69.24156455,1115.7408,0.062058826
10/14/2014,1,C,Nooksack,Nooksack R @ Brennan,0.278,62.511,1.5288,28.077,-0.520285693,133.9386833,0.006736154,0.015722277,0.014166712,0.014166712,cascades,2898.799481,2046.2049,1.416671166
11/4/2014,2,C,Nooksack,Nooksack R @ Brennan,0.215,49.092,0.17993,21.926,-2.558806667,221.9663197,0.015654553,0.020150701,0.023052538,0.023052538,cascades,4717.02153,2046.2049,2.305253755
12/9/2014,3,C,Nooksack,Nooksack R @ Brennan,0.278,47.984,4.649,21.313,-2.016813324,180.076874,0.021347774,0.021138169,0.025806258,0.025806258,cascades,5280.489095,2046.2049,2.58062577
1/13/2015,4,C,Nooksack,Nooksack R @ Brennan,0.62,35.179,6.511,14.34,0.144939053,181.6114644,0.042965438,0.047544422,0.041930107,0.041930107,cascades,8579.759071,2046.2049,4.193010715
2/10/2015,5,C,Nooksack,Nooksack R @ Brennan,0.501,38.048,6.7692,15.645,0.376113228,160.5261794,0.042952385,0.033958478,0.035740782,0.035740782,cascades,7313.296279,2046.2049,3.574078177
3/10/2015,6,C,Nooksack,Nooksack R @ Brennan,0.613,65.588,9.1494,29.867,1.480900989,114.765438,0.024642037,0.029705455,0.025493656,0.025493656,cascades,5216.524483,2046.2049,2.549365649
4/14/2015,7,C,Nooksack,Nooksack R @ Brennan,0.468,61.72,7.9668,27.998,1.510390138,81.1372038,0.025178775,0.01603358,0.01469281,0.01469281,cascades,3006.449971,2046.2049,1.469280995
5/12/2015,8,C,Nooksack,Nooksack R @ Brennan,0.196,17.201,8.9,7.377,3.811477787,67.07438803,0.005708451,0.005551079,0.005493753,0.005493753,cascades,1124.134357,2046.2049,0.549375264
6/9/2015,9,C,Nooksack,Nooksack R @ Brennan,0.134,23.265,8.3,9.934,2.417158586,49.01646106,0.003636421,0.002773393,0.002825727,0.002825727,cascades,578.2016048,2046.2049,0.282572681
7/14/2015,10,C,Nooksack,Nooksack R @ Brennan,0.137,38.135,6.7159,16.277,1.872970605,41.86326029,0.002622592,0.002421688,0.00226438,0.00226438,cascades,463.338579,2046.2049,0.226438017
8/18/2015,11,C,Nooksack,Nooksack R @ Brennan,0.096,17.377,8.3455,6.857,7.481794128,39.25993732,0.001485461,0.001591422,0.001798061,0.001798061,cascades,367.9201735,2046.2049,0.179806125
9/22/2015,12,C,Nooksack,Nooksack R @ Brennan,0.251,18.08,3.2,7.71,2.956410014,62.89171578,0.006878772,0.006665485,0.005100848,0.005100848,cascades,1043.738076,2046.2049,0.510084829
10/13/2015,13,C,Nooksack,Nooksack R @ Brennan,0.213,34.344,4.5846,14.476,2.127429593,49.94360942,0.004526219,0.004491839,0.006517693,0.006517693,cascades,1333.653438,2046.2049,0.651769252
11/3/2015,14,C,Nooksack,Nooksack R @ Brennan,0.491,26.474,3.95,11.038,3.20289939,205.5614267,0.015382488,0.042617477,0.04015322,0.04015322,cascades,8216.171495,2046.2049,4.015321972
12/8/2015,15,C,Nooksack,Nooksack R @ Brennan,0.454,34.963,6.5407,14.23,1.996912174,156.0897648,0.038031927,0.029922295,0.034514565,0.034514565,cascades,7062.387265,2046.2049,3.451456531
1/5/2016,16,C,Nooksack,Nooksack R @ Brennan,0.779,26.767,6.9558,10.725,2.226968554,142.9361329,0.04672853,0.04701583,0.036047522,0.036047522,cascades,7376.061598,2046.2049,3.604752192
2/9/2016,17,C,Nooksack,Nooksack R @ Brennan,0.489,53.511,6.3411,23.613,-0.90761143,198.1886313,0.035268312,0.040921564,0.038922698,0.038922698,cascades,7964.381579,2046.2049,3.892269821
3/8/2016,18,C,Nooksack,Nooksack R @ Brennan,0.471,37.545,6.9297,16.881,0.475601221,130.8877715,0.041289207,0.026030625,0.023640261,0.023640261,cascades,4837.281731,2046.2049,2.364026071
4/12/2016,19,C,Nooksack,Nooksack R @ Brennan,0.277,32.687,7.5548,13.915,2.350765668,104.8667211,0.012726044,0.01226541,0.011902201,0.011902201,cascades,2435.434168,2046.2049,1.190220084
5/10/2016,20,C,Nooksack,Nooksack R @ Brennan,0.201,24.141,8.3,10.163,2.704214082,80.15494416,0.008162887,0.006802852,0.006447582,0.006447582,cascades,1319.307365,2046.2049,0.644758189
6/14/2016,21,C,Nooksack,Nooksack R @ Brennan,0.146,25.623,6.3,10.573,6.143920428,85.12987913,0.005410376,0.005248068,0.005253362,0.005253362,cascades,1074.945458,2046.2049,0.525336176
7/12/2016,22,C,Nooksack,Nooksack R @ Brennan,0.143,17.023,9,7.373,5.316944066,60.56151336,0.00424974,0.003656768,0.003583899,0.003583899,cascades,733.3391369,2046.2049,0.358389884
8/23/2016,23,C,Nooksack,Nooksack R @ Brennan,0.159,22.466,9.5,9.202,2.617487743,37.85322947,0.002863461,0.002541351,0.00242171,0.00242171,cascades,495.5315241,2046.2049,0.242171018
9/13/2016,24,C,Nooksack,Nooksack R @ Brennan,0.193,21.206,9.4,8.773,3.703746225,35.25541762,0.002868309,0.002873081,0.003100153,0.003100153,cascades,634.3547594,2046.2049,0.310015267
10/15/2014,1,E,Samish,Samish R nr Burlington,0.727,50.012,3.3355,22.404,-0.932361755,4.077991256,0.003191345,0.011371256,0.012810974,0.012810974,cascades,288.5812748,225.261,1.281097371
11/5/2014,2,E,Samish,Samish R nr Burlington,0.948,64.354,1.1197,28.97,-0.312538095,12.39636022,0.025891276,0.045074432,0.04456415,0.04456415,cascades,1003.856502,225.261,4.456415012
12/10/2014,3,E,Samish,Samish R nr Burlington,0.921,62.954,2.1791,28.262,-1.452707416,11.65923313,0.039226427,0.041186734,0.041352112,0.041352112,cascades,931.5018118,225.261,4.135211207
1/14/2015,4,E,Samish,Samish R nr Burlington,0.912,39.511,1.7001,16.288,0.274981103,19.1549764,0.063656898,0.067004534,0.066741719,0.066741719,cascades,1503.430625,225.261,6.67417185
2/11/2015,5,E,Samish,Samish R nr Burlington,0.873,33.182,1.882,13.541,0.349846763,9.782459104,0.045420682,0.032755936,0.032871899,0.032871899,cascades,740.475692,225.261,3.287189935
3/11/2015,6,E,Samish,Samish R nr Burlington,0.858,24.335,3.6,9.14,3.002215076,8.816587134,0.023335557,0.029014529,0.027048413,0.027048413,cascades,609.2952524,225.261,2.704841284
4/15/2015,7,E,Samish,Samish R nr Burlington,0.655,46.919,3.953,21.011,0.984913104,6.011666484,0.023329017,0.015103024,0.015544844,0.015544844,cascades,350.1647108,225.261,1.554484402
5/13/2015,8,E,Samish,Samish R nr Burlington,0.62,21.0985,3.65,8.9715,4.732482102,2.767469337,0.01086149,0.006581157,0.006744047,0.006744047,cascades,151.9170834,225.261,0.674404728
6/10/2015,9,E,Samish,Samish R nr Burlington,0.718,27.932,4.4,11.7375,0.838564254,1.176942525,0.00503498,0.003241212,0.003195662,0.003195662,cascades,71.98579064,225.261,0.319566151
7/15/2015,10,E,Samish,Samish R nr Burlington,0.719,41.1655,4.26655,17.73,-0.150608122,0.690017605,0.002320383,0.001902904,0.001880507,0.001880507,cascades,42.36047905,225.261,0.188050657
8/19/2015,11,E,Samish,Samish R nr Burlington,0.677,34.146,4.1145,13.922,1.549625067,0.62160045,0.001608013,0.00161409,0.001593086,0.001593086,cascades,35.886018,225.261,0.159308615
9/23/2015,12,E,Samish,Samish R nr Burlington,0.534,26.889,4.7142,10.891,1.949689421,1.115589357,0.002200729,0.002284932,0.002420187,0.002420187,cascades,54.51736833,225.261,0.242018673
10/14/2015,13,E,Samish,Samish R nr Burlington,0.484,26.629,4.2018,10.99,2.311791673,1.653977862,0.001781316,0.003070455,0.004031639,0.004031639,cascades,90.8170944,225.261,0.403163861
11/4/2015,14,E,Samish,Samish R nr Burlington,0.81,26.689,3.6,11.222,4.894289937,20.76946292,0.010783571,0.064526487,0.0699521,0.0699521,cascades,1575.747999,225.261,6.995209996
12/9/2015,15,E,Samish,Samish R nr Burlington,1.06,21.801,2.289,8.765,4.285078784,16.93256068,0.087413415,0.068842438,0.067434853,0.067434853,cascades,1519.044242,225.261,6.743485299
1/6/2016,16,E,Samish,Samish R nr Burlington,0.988,34.734,3.2194,14.01,1.407216429,9.688015245,0.065694315,0.036712968,0.034061674,0.034061674,cascades,767.2766712,225.261,3.406167385
2/10/2016,17,E,Samish,Samish R nr Burlington,0.782,48.413,2.025,21.36,-0.917612269,19.74758279,0.034067148,0.059230914,0.058674249,0.058674249,cascades,1321.701992,225.261,5.867424863
3/9/2016,18,E,Samish,Samish R nr Burlington,0.731,40.971,3.1405,18.579,-0.438268743,10.80516051,0.054308524,0.030295375,0.028864668,0.028864668,cascades,650.2084018,225.261,2.886466818
4/13/2016,19,E,Samish,Samish R nr Burlington,0.588,37.925,3.5922,16.311,0.299535853,6.320320109,0.021583524,0.014254242,0.014845285,0.014845285,cascades,334.4063633,225.261,1.484528451
5/11/2016,20,E,Samish,Samish R nr Burlington,0.676,28.82,4.3,12.084,1.732273425,2.171810772,0.011348836,0.005631141,0.005252468,0.005252468,cascades,118.3176261,225.261,0.52524683
6/15/2016,21,E,Samish,Samish R nr Burlington,0.486,27.232,3.9,11.423,1.831436921,2.03673637,0.003764831,0.003796635,0.004053575,0.004053575,cascades,91.31124349,225.261,0.405357534
7/13/2016,22,E,Samish,Samish R nr Burlington,0.624,26.439,4.7,11.081,2.589943302,1.163457007,0.00406101,0.002784599,0.002730928,0.002730928,cascades,61.51715641,225.261,0.273092796
8/24/2016,23,E,Samish,Samish R nr Burlington,0.684,26.417,4.8,11.032,2.154747001,0.74729071,0.002095226,0.00196053,0.001905093,0.001905093,cascades,42.9143187,225.261,0.190509315
9/14/2016,24,E,Samish,Samish R nr Burlington,0.651,28.311,4.8,11.859,1.498817244,1.101053376,0.002436416,0.002749268,0.002675365,0.002675365,cascades,60.26553571,225.261,0.267536483
10/15/2014,1,F,Skagit,Skagit R nr Mount Vernon,0.108,69.353,1.2682,30.982,-3.929465042,453.7546269,0.003040329,0.005269452,0.00559914,0.00559914,cascades,4498.98349,8035.1334,0.559913976
11/5/2014,2,F,Skagit,Skagit R nr Mount Vernon,0.149,105.295,0.075613,48.062,-6.248734168,877.9166269,0.009300487,0.014065663,0.011898105,0.011898105,cascades,9560.285822,8035.1334,1.189810467
12/10/2014,3,F,Skagit,Skagit R nr Mount Vernon,0.103,51.746,-0.47181,22.991,-3.495830081,718.6084851,0.009076575,0.007958848,0.007937846,0.007937846,cascades,6378.165474,8035.1334,0.79378464
1/14/2015,4,F,Skagit,Skagit R nr Mount Vernon,0.149,37.878,-0.24098,15.599,-1.763295617,659.2344524,0.009768249,0.010562016,0.01057208,0.01057208,cascades,8494.807224,8035.1334,1.057207989
2/11/2015,5,F,Skagit,Skagit R nr Mount Vernon,0.136,18.497,0.0078001,7.384,1.673111797,707.5166328,0.011370594,0.010346566,0.010227812,0.010227812,cascades,8218.183099,8035.1334,1.022781165
3/11/2015,6,F,Skagit,Skagit R nr Mount Vernon,0.107,19.021,1,7.84,0.678755929,450.8772699,0.005484652,0.005187556,0.005934441,0.005934441,cascades,4768.402286,8035.1334,0.593444072
4/15/2015,7,F,Skagit,Skagit R nr Mount Vernon,0.119,29.411,1.1217,12.894,-3.131331681,348.6747683,0.005604976,0.004461574,0.003905426,0.003905426,cascades,3138.062222,8035.1334,0.390542641
5/13/2015,8,F,Skagit,Skagit R nr Mount Vernon,0.036,33.518,2,14.709,3.236297322,321.3962063,0.001244503,0.001244125,0.001385653,0.001385653,cascades,1113.390963,8035.1334,0.138565336
6/10/2015,9,F,Skagit,Skagit R nr Mount Vernon,0.037,19.232,1.5,8.661,2.956802052,286.7175084,0.001308014,0.001140714,0.001062817,0.001062817,cascades,853.9879525,8035.1334,0.106281739
7/15/2015,10,F,Skagit,Skagit R nr Mount Vernon,0.029,18.497,2.95,7.941,0.74073237,226.0049719,0.000771412,0.000704753,0.00066887,0.00066887,cascades,537.4456196,8035.1334,0.066886957
8/19/2015,11,F,Skagit,Skagit R nr Mount Vernon,0.015,8.8535,1.7,3.8425,12.34161905,180.74369,0.000305157,0.000291524,0.000357403,0.000357403,cascades,287.1782575,8035.1334,0.035740322
9/23/2015,12,F,Skagit,Skagit R nr Mount Vernon,0.068,27.679,0.6,11.998,-2.742439493,268.2454857,0.001846597,0.001961381,0.001462394,0.001462394,cascades,1175.052844,8035.1334,0.14623937
10/14/2015,13,F,Skagit,Skagit R nr Mount Vernon,0.098,37.508,0.9,16.445,-2.358684402,297.5461141,0.003031282,0.003135458,0.003551479,0.003551479,cascades,2853.660543,8035.1334,0.355147874
11/4/2015,14,F,Skagit,Skagit R nr Mount Vernon,0.195,21.801,0.9,9.35,2.0152354,805.1423317,0.008247122,0.016882157,0.015293126,0.015293126,cascades,12288.23054,8035.1334,1.529312574
12/9/2015,15,F,Skagit,Skagit R nr Mount Vernon,0.113,26.866,-1.0849,10.83,-0.505224821,632.3791207,0.009964914,0.00768381,0.007378192,0.007378192,cascades,5928.47536,8035.1334,0.737819158
1/6/2016,16,F,Skagit,Skagit R nr Mount Vernon,0.156,31.787,0.53355,12.819,-0.711477844,562.0437281,0.009966731,0.009427908,0.009480817,0.009480817,cascades,7617.963034,8035.1334,0.948081712
2/10/2016,17,F,Skagit,Skagit R nr Mount Vernon,0.119,44.397,-0.67421,19.51,-3.164770916,718.0761662,0.008231294,0.009188363,0.009995563,0.009995563,cascades,8031.568605,8035.1334,0.999556349
3/9/2016,18,F,Skagit,Skagit R nr Mount Vernon,0.115,36.596,1.4725,16.35,-2.227872395,529.6163718,0.009281588,0.006549074,0.006284207,0.006284207,cascades,5049.444281,8035.1334,0.628420716
4/13/2016,19,F,Skagit,Skagit R nr Mount Vernon,0.086,37.711,1.8772,16.081,-1.433337948,506.3052131,0.00429355,0.004682001,0.004568959,0.004568959,cascades,3671.219718,8035.1334,0.456895926
5/11/2016,20,F,Skagit,Skagit R nr Mount Vernon,0.059,32.609,1.3,14.851,-1.097718286,471.612509,0.003241681,0.002991975,0.00290166,0.00290166,cascades,2331.522447,8035.1334,0.290165991
6/15/2016,21,F,Skagit,Skagit R nr Mount Vernon,0.047,51.408,1.2,22.521,-2.571902979,487.8048734,0.002580382,0.002465271,0.002462303,0.002462303,cascades,1978.493673,8035.1334,0.246230345
7/13/2016,22,F,Skagit,Skagit R nr Mount Vernon,0.035,32.852,3.3,14.375,-0.482381735,370.8593428,0.00153938,0.001395719,0.001453146,0.001453146,cascades,1167.622094,8035.1334,0.145314587
8/24/2016,23,F,Skagit,Skagit R nr Mount Vernon,0.037,46.317,2.8,20.523,-2.542986186,230.4625916,0.001022092,0.000916902,0.00087477,0.00087477,cascades,702.8891717,8035.1334,0.087476976
9/14/2016,24,F,Skagit,Skagit R nr Mount Vernon,0.029,43.558,1.3,19.302,-4.525822604,247.6591383,0.000683629,0.000772277,0.000997575,0.000997575,cascades,801.5649745,8035.1334,0.099757519
10/15/2014,1,G,Stillaguamish,Stillaguamish R nr Silvana,0.428,52.123,0.3736,23.3,-2.642497224,134.8183871,0.010243365,0.034224888,0.029673002,0.029673002,cascades,4322.411251,1456.6815,2.967300162
11/5/2014,2,G,Stillaguamish,Stillaguamish R nr Silvana,0.308,58.729,0.25759,26.45,-1.699028798,248.039,0.03611686,0.045312688,0.042674089,0.042674089,cascades,6216.255533,1456.6815,4.267408856
12/10/2014,3,G,Stillaguamish,Stillaguamish R nr Silvana,0.225,60.055,0.45205,26.669,-3.443932399,160.1009677,0.02695238,0.021366118,0.024467268,0.024467268,cascades,3564.101698,1456.6815,2.446726823
1/14/2015,4,G,Stillaguamish,Stillaguamish R nr Silvana,0.382,34.117,1.7604,13.933,-0.165251212,176.4032258,0.040398605,0.039968608,0.044228098,0.044228098,cascades,6442.625182,1456.6815,4.422809778
2/11/2015,5,G,Stillaguamish,Stillaguamish R nr Silvana,0.287,36.487,1.2201,15.072,-0.9390164,147.9753571,0.033667325,0.025189551,0.028186425,0.028186425,cascades,4105.864417,1456.6815,2.818642522
3/11/2015,6,G,Stillaguamish,Stillaguamish R nr Silvana,0.32,15.878,2.9,7.143,6.53125514,115.1170968,0.011867055,0.021849371,0.025752647,0.025752647,cascades,3751.340428,1456.6815,2.575264688
4/15/2015,7,G,Stillaguamish,Stillaguamish R nr Silvana,0.25,32.835,1.9293,14.523,-2.040646821,79.29266667,0.017976977,0.011757694,0.011413526,0.011413526,cascades,1662.587288,1456.6815,1.141352648
5/13/2015,8,G,Stillaguamish,Stillaguamish R nr Silvana,0.111,19.026,5.9,7.851,5.26372366,37.59096774,0.003990906,0.002474888,0.002819954,0.002819954,cascades,410.7774278,1456.6815,0.281995363
6/10/2015,9,G,Stillaguamish,Stillaguamish R nr Silvana,0.137,23.434,6,9.981,0.752929801,20.956,0.002403167,0.001702857,0.001455675,0.001455675,cascades,212.0455351,1456.6815,0.145567535
7/15/2015,10,G,Stillaguamish,Stillaguamish R nr Silvana,0.055,12.648,10.15,5.4055,12.20567032,13.66096774,0.000508948,0.000445649,0.000454753,0.000454753,cascades,66.24303353,1456.6815,0.045475304
8/19/2015,11,G,Stillaguamish,Stillaguamish R nr Silvana,0.03,38.219,11.4,16.76,2.474140071,14.87645161,0.000223786,0.00026471,0.000415716,0.000415716,cascades,60.55658257,1456.6815,0.041571601
9/23/2015,12,G,Stillaguamish,Stillaguamish R nr Silvana,0.252,11.399,2.7,4.781,4.559093213,45.92433333,0.007062491,0.006864241,0.004327812,0.004327812,cascades,630.4243671,1456.6815,0.4327812
10/14/2015,13,G,Stillaguamish,Stillaguamish R nr Silvana,0.229,17.785,2.4,8.035,6.012274801,61.79258065,0.005381729,0.008393072,0.011759712,0.011759712,cascades,1713.015432,1456.6815,1.175971159
11/4/2015,14,G,Stillaguamish,Stillaguamish R nr Silvana,0.347,13.756,2.6,5.83,6.325561401,249.4573333,0.021876282,0.051342249,0.049284687,0.049284687,cascades,7179.209195,1456.6815,4.928468711
12/9/2015,15,G,Stillaguamish,Stillaguamish R nr Silvana,0.188,33.929,1.5588,13.935,0.856073611,211.0196774,0.030977259,0.023530434,0.026263485,0.026263485,cascades,3825.753257,1456.6815,2.626348489
1/6/2016,16,G,Stillaguamish,Stillaguamish R nr Silvana,0.469,34.537,2.4115,13.986,0.995656676,181.9058065,0.048581591,0.0506021,0.043408543,0.043408543,cascades,6323.242097,1456.6815,4.340854262
2/10/2016,17,G,Stillaguamish,Stillaguamish R nr Silvana,0.2,35.673,2.3472,15.542,-0.936534759,217.2741379,0.02554415,0.025774317,0.030986777,0.030986777,cascades,4513.786456,1456.6815,3.098677683
3/9/2016,18,G,Stillaguamish,Stillaguamish R nr Silvana,0.212,32.429,3.5775,14.497,0.137197236,176.7332258,0.029833774,0.022223026,0.021957246,0.021957246,cascades,3198.471454,1456.6815,2.195724634
4/13/2016,19,G,Stillaguamish,Stillaguamish R nr Silvana,0.139,25.249,3.3854,10.599,1.796889611,95.16966667,0.011346639,0.007846256,0.007555553,0.007555553,cascades,1100.603461,1456.6815,0.755555323
5/11/2016,20,G,Stillaguamish,Stillaguamish R nr Silvana,0.069,40.149,7.3,17.648,0.691354895,55.93483871,0.002954684,0.002289184,0.003050757,0.003050757,cascades,444.3981228,1456.6815,0.305075696
6/15/2016,21,G,Stillaguamish,Stillaguamish R nr Silvana,0.209,44.007,0.3,19.354,-0.635347883,60.40766667,0.007282735,0.007488373,0.005577391,0.005577391,cascades,812.4482786,1456.6815,0.557739134
7/13/2016,22,G,Stillaguamish,Stillaguamish R nr Silvana,0.094,36.3175,5.85,15.9285,0.154677856,36.82677419,0.003178176,0.002053245,0.001998938,0.001998938,cascades,291.18153,1456.6815,0.199893752
8/24/2016,23,G,Stillaguamish,Stillaguamish R nr Silvana,0.044,36.905,10.7,16.165,1.602116341,17.55322581,0.000514612,0.000458098,0.00054509,0.00054509,cascades,79.4021806,1456.6815,0.054508951
9/14/2016,24,G,Stillaguamish,Stillaguamish R nr Silvana,0.064,25.5165,9.9,11.075,1.541012975,41.145,0.000812865,0.001561875,0.002392959,0.002392959,cascades,348.5778458,1456.6815,0.239295856
10/13/2014,1,H,Snohomish,Snohomish R @ Snohomish,0.127,111.589,5.3705,50.841,-4.704938521,228.5626225,0.001858573,0.005636076,0.008714944,0.008714944,cascades,3878.023555,4449.8547,0.871494423
11/3/2014,2,H,Snohomish,Snohomish R @ Snohomish,0.311,38.126,4.4,16.981,0.205141988,534.3200131,0.016275393,0.032264857,0.031423554,0.031423554,cascades,13983.02485,4449.8547,3.142355378
12/8/2014,3,H,Snohomish,Snohomish R @ Snohomish,0.296,38.619,2.7319,16.785,-0.635527126,399.07571,0.027749506,0.022935854,0.023998613,0.023998613,cascades,10679.03397,4449.8547,2.399861274
1/12/2015,4,H,Snohomish,Snohomish R @ Snohomish,0.329,40.213,2.1446,16.42,-0.026578017,497.727949,0.030757747,0.031794781,0.031331601,0.031331601,cascades,13942.10731,4449.8547,3.133160125
2/9/2015,5,H,Snohomish,Snohomish R @ Snohomish,0.305,31.265,1.5633,12.662,0.196581598,393.2805434,0.028067034,0.023290039,0.024095106,0.024095106,cascades,10721.97225,4449.8547,2.409510641
3/9/2015,6,H,Snohomish,Snohomish R @ Snohomish,0.343,22.325,4.7,8.337,4.399570695,240.9946315,0.018184787,0.016049792,0.014400281,0.014400281,cascades,6407.91586,4449.8547,1.440028111
4/13/2015,7,H,Snohomish,Snohomish R @ Snohomish,0.251,49.782,3.2951,21.585,-1.319681496,218.7287603,0.014062441,0.010659762,0.009951397,0.009951397,cascades,4428.227113,4449.8547,0.995139709
5/11/2015,8,H,Snohomish,Snohomish R @ Snohomish,0.135,10.24333333,5.166666667,4.428666667,7.773914669,135.9756694,0.004854786,0.003564207,0.003737751,0.003737751,cascades,1663.244826,4449.8547,0.373775087
6/8/2015,9,H,Snohomish,Snohomish R @ Snohomish,0.14,9.3,5.2,3.956,4.586513369,66.15759207,0.003154584,0.001798356,0.001719706,0.001719706,cascades,765.2439948,4449.8547,0.171970558
7/13/2015,10,H,Snohomish,Snohomish R @ Snohomish,0.122,11.319,7.5556,4.359,8.388485705,42.57574869,0.001201832,0.001008533,0.000933506,0.000933506,cascades,415.3967855,4449.8547,0.09335064
8/17/2015,11,H,Snohomish,Snohomish R @ Snohomish,0.074,22.5,9.2,9.748,0.171340585,35.88018469,0.000533968,0.00051553,0.000582983,0.000582983,cascades,259.4189248,4449.8547,0.058298291
9/21/2015,12,H,Snohomish,Snohomish R @ Snohomish,0.146,10.311,5.9,4.789,7.048160654,67.69614072,0.001773741,0.001919043,0.001728451,0.001728451,cascades,769.1354116,4449.8547,0.172845062
10/12/2015,13,H,Snohomish,Snohomish R @ Snohomish,0.353,45.811,0.39072,19.46,0.445564208,133.6372459,0.004555597,0.009159466,0.008732715,0.008732715,cascades,3885.931145,4449.8547,0.873271468
11/2/2015,14,H,Snohomish,Snohomish R @ Snohomish,0.327,16.763,1.2,7.129,5.450387118,700.4549507,0.014559103,0.044472943,0.049665534,0.049665534,cascades,22100.44086,4449.8547,4.966553371
12/7/2015,15,H,Snohomish,Snohomish R @ Snohomish,0.431,23.791,2.4366,9.613,2.81663752,372.0742268,0.050604151,0.031136857,0.031198337,0.031198337,cascades,13882.8066,4449.8547,3.119833688
1/4/2016,16,H,Snohomish,Snohomish R @ Snohomish,0.447,30.783,3.6723,12.377,2.115292077,251.4170579,0.030790986,0.021820775,0.01613435,0.01613435,cascades,7179.551251,4449.8547,1.613434985
2/10/2016,17,H,Snohomish,Snohomish R @ Snohomish,0.247,41.527,1.7511,18.169,-0.77308291,532.6496446,0.017360322,0.025545035,0.025722026,0.025722026,cascades,11445.928,4449.8547,2.572202638
3/9/2016,18,H,Snohomish,Snohomish R @ Snohomish,0.239,31.046,3.6526,13.852,-0.362468496,378.5505636,0.026697798,0.017566681,0.01590532,0.01590532,cascades,7077.636367,4449.8547,1.590532016
4/13/2016,19,H,Snohomish,Snohomish R @ Snohomish,0.136,25.382,4.0311,10.683,1.602940553,340.3590544,0.008978575,0.008987608,0.008745711,0.008745711,cascades,3891.714469,4449.8547,0.874571134
5/11/2016,20,H,Snohomish,Snohomish R @ Snohomish,0.085,21.2525,5.95,9.377,2.728338013,253.5545231,0.005027114,0.004184641,0.004246627,0.004246627,cascades,1889.687362,4449.8547,0.424662711
6/15/2016,21,H,Snohomish,Snohomish R @ Snohomish,0.083,41.451,4.5,18.258,1.071046598,208.638524,0.003628395,0.003362331,0.003467951,0.003467951,cascades,1543.187586,4449.8547,0.346795051
7/13/2016,22,H,Snohomish,Snohomish R @ Snohomish,0.115,18.958,5.4,8.043,2.401342242,107.6405541,0.003797397,0.002403486,0.002349923,0.002349923,cascades,1045.681812,4449.8547,0.23499235
8/24/2016,23,H,Snohomish,Snohomish R @ Snohomish,0.153,22.437,7.1,9.561,0.726889154,57.80290446,0.001876768,0.001717153,0.00154981,0.00154981,cascades,689.6429492,4449.8547,0.154981004
9/14/2016,24,H,Snohomish,Snohomish R @ Snohomish,0.101,45.197,7.9,19.923,-0.237935591,75.37944503,0.001028086,0.001478231,0.001830704,0.001830704,cascades,814.636856,4449.8547,0.18307044
10/27/2014,1,I,Duckabush,Duckabush R nr Brinnon,0.059,115.989,1.0372,52.528,-8.52912097,19.13077006,0.004433002,0.005459517,0.005412662,0.005412662,olympics,96.68405479,178.6257,0.541266205
11/17/2014,2,I,Duckabush,Duckabush R nr Brinnon,0.047,72.786,1.8931,32.74,-7.112767795,18.73914503,0.006145082,0.004260077,0.004655825,0.004655825,olympics,83.165007,178.6257,0.465582539
12/15/2014,3,I,Duckabush,Duckabush R nr Brinnon,0.038,66.063,1.1812,29.541,-5.974242123,28.77082936,0.005400357,0.005288174,0.005821166,0.005821166,olympics,103.980981,178.6257,0.582116577
1/26/2015,4,I,Duckabush,Duckabush R nr Brinnon,0.031,14.92,-0.2,6.655,0.898141245,14.57860865,0.002257243,0.002185987,0.002372514,0.002372514,olympics,42.37920337,178.6257,0.237251433
2/23/2015,5,I,Duckabush,Duckabush R nr Brinnon,0.023,6.749,2.2,2.88,3.856942567,20.15047014,0.002270448,0.002241727,0.002903474,0.002903474,olympics,51.86351634,178.6257,0.290347449
3/23/2015,6,I,Duckabush,Duckabush R nr Brinnon,0.036,27.054,0.2,11.746,-3.467285173,10.20228571,0.001578025,0.001776519,0.00156213,0.00156213,olympics,27.90365806,178.6257,0.156213009
4/27/2015,7,I,Duckabush,Duckabush R nr Brinnon,0.01,6.982,0.1,2.932,1.585880933,5.563316417,0.000284749,0.000269094,0.000435758,0.000435758,olympics,7.783754539,178.6257,0.043575782
5/18/2015,8,I,Duckabush,Duckabush R nr Brinnon,0.01,8.677,-0.5,3.666,5.482818636,3.876667613,0.000221791,0.000187512,0.000186034,0.000186034,olympics,3.323044985,178.6257,0.018603398
6/22/2015,9,I,Duckabush,Duckabush R nr Brinnon,0.01,2.907,0.2,1.122,12.05937243,2.321603844,0.000128215,0.000112294,0.000114319,0.000114319,olympics,2.042032407,178.6257,0.011431907
7/27/2015,10,I,Duckabush,Duckabush R nr Brinnon,0.03,36.7255,0,16.1475,-4.048760773,1.465168438,0.000219789,0.000212608,0.000146813,0.000146813,olympics,2.622452553,178.6257,0.014681272
8/17/2015,11,I,Duckabush,Duckabush R nr Brinnon,0.023,45.062,0.3,19.906,-4.43491327,1.977246634,0.000139599,0.000219967,0.000292649,0.000292649,olympics,5.227457735,178.6257,0.029264869
9/28/2015,12,I,Duckabush,Duckabush R nr Brinnon,0.058,15.012,0.8,6.659,4.592674965,3.206599683,0.000966135,0.000899586,0.000705292,0.000705292,olympics,12.59833458,178.6257,0.070529238
10/26/2015,13,I,Duckabush,Duckabush R nr Brinnon,0.048,12.422,1.95,5.333,2.854746635,4.662779806,0.00073105,0.00108257,0.001261366,0.001261366,olympics,22.5312417,178.6257,0.126136618
11/16/2015,14,I,Duckabush,Duckabush R nr Brinnon,0.083,24.793,0.1,11.156,0.815173996,20.17292135,0.005653146,0.008098726,0.007651326,0.007651326,olympics,136.6723401,178.6257,0.765132565
12/1/2015,15,I,Duckabush,Duckabush R nr Brinnon,NA,NA,NA,NA,NA,28.3214136,NA,NA,0.009141379,NA,olympics,163.2885265,178.6257,0.914137924
1/11/2016,16,I,Duckabush,Duckabush R nr Brinnon,0.036,35.471,0.9,15.597,-4.571241653,26.19673668,0.001994763,0.004561624,0.004941691,0.004941691,olympics,88.27129296,178.6257,0.494169053
2/22/2016,17,I,Duckabush,Duckabush R nr Brinnon,0.027,27.069,0.8,12.014,-3.147157762,19.91260166,0.003326758,0.002600528,0.00283849,0.00283849,olympics,50.70272379,178.6257,0.283848986
3/28/2016,18,I,Duckabush,Duckabush R nr Brinnon,0.01,14.022,1.7,6.211,6.104898275,25.22848322,0.001270956,0.001220284,0.00208617,0.00208617,olympics,37.26436068,178.6257,0.208617017
4/25/2016,19,I,Duckabush,Duckabush R nr Brinnon,0.022,19.685,-0.2,8.479,-1.794482229,16.47474122,0.001768267,0.001753118,0.001341085,0.001341085,olympics,23.95522746,178.6257,0.134108516
5/23/2016,20,I,Duckabush,Duckabush R nr Brinnon,0.01,4.599,5.9,1.885,24.2166796,13.30435056,0.00067567,0.000643522,0.0008583,0.0008583,olympics,15.3314374,178.6257,0.085829964
6/27/2016,21,I,Duckabush,Duckabush R nr Brinnon,0.01,NA,NA,NA,NA,9.755153574,0.000481272,0.00047185,0.000471098,0.000471098,olympics,8.415025855,178.6257,0.047109827
7/25/2016,22,I,Duckabush,Duckabush R nr Brinnon,0.01,10.273,1.6,4.365,6.527586286,4.913429568,0.000270391,0.000237659,0.000235828,0.000235828,olympics,4.212494662,178.6257,0.023582803
8/29/2016,23,I,Duckabush,Duckabush R nr Brinnon,0.012,20.585,1.5,9.039,7.440238635,2.473522203,0.000146207,0.000143571,0.000132163,0.000132163,olympics,2.360776197,178.6257,0.01321633
9/26/2016,24,I,Duckabush,Duckabush R nr Brinnon,0.015,50.287,0.3,22.641,-2.0907178,1.736577798,0.000129731,0.000125996,0.000116657,0.000116657,olympics,2.083792398,178.6257,0.011665692
10/29/2014,1,J,Puyallup,Puyallup R @ Meridian,0.185,54.989,5.1808,24.827,-2.156220667,77.64296585,0.004809367,0.005087431,0.004549731,0.004549731,cascades,1109.876678,2439.4338,0.454973067
11/19/2014,2,J,Puyallup,Puyallup R @ Meridian,0.275,56.296,6.2305,25.272,-1.070288163,147.2098453,0.011186274,0.014338188,0.012638061,0.012638061,cascades,3082.971293,2439.4338,1.26380609
12/17/2014,3,J,Puyallup,Puyallup R @ Meridian,0.274,58.146,5.8479,25.877,-1.217586774,143.8861174,0.015543379,0.013963496,0.013830517,0.013830517,cascades,3373.863029,2439.4338,1.383051686
1/28/2015,4,J,Puyallup,Puyallup R @ Meridian,0.26,38.019,5.0286,15.39,1.209731301,160.0723922,0.015175402,0.014740577,0.015140283,0.015140283,cascades,3693.371903,2439.4338,1.514028338
2/25/2015,5,J,Puyallup,Puyallup R @ Meridian,0.331,25.541,7.8825,10.293,1.665369997,113.6011197,0.013710322,0.013317887,0.011888315,0.011888315,cascades,2900.075712,2439.4338,1.188831487
3/25/2015,6,J,Puyallup,Puyallup R @ Meridian,0.39,NA,NA,NA,NA,95.31815866,0.012195531,0.013166337,0.012306735,0.012306735,cascades,3002.146445,2439.4338,1.230673464
4/29/2015,7,J,Puyallup,Puyallup R @ Meridian,0.175,43.167,10.0502,18.554,1.938508541,66.86551323,0.004154195,0.004144431,0.005870964,0.005870964,cascades,1432.182754,2439.4338,0.58709638
5/20/2015,8,J,Puyallup,Puyallup R @ Meridian,0.119,16.076,10.7,7.507,6.233823701,60.12305897,0.002572575,0.002534036,0.002884353,0.002884353,cascades,703.6187602,2439.4338,0.288435276
6/24/2015,9,J,Puyallup,Puyallup R @ Meridian,0.165,22.056,11.8,9.427,3.410009519,45.09929732,0.002743595,0.002635593,0.002359747,0.002359747,cascades,575.6447575,2439.4338,0.23597474
7/29/2015,10,J,Puyallup,Puyallup R @ Meridian,0.15,38.6505,11.77725,17.033,2.555818642,49.59101901,0.002677817,0.002634626,0.002633323,0.002633323,cascades,642.3817923,2439.4338,0.263332332
8/19/2015,11,J,Puyallup,Puyallup R @ Meridian,0.109,31.913,7.7124,12.951,2.378451593,44.05553227,0.001636017,0.001700794,0.001894008,0.001894008,cascades,462.0306855,2439.4338,0.189400789
9/1/2015,12,J,Puyallup,Puyallup R @ Meridian,NA,31.007,13.5,13.501,2.239700761,29.17295902,NA,NA,0.00161956,NA,cascades,395.0809806,2439.4338,0.161956016
10/28/2015,13,J,Puyallup,Puyallup R @ Meridian,0.291,16.327,9.3551,6.312,7.612374716,47.71753992,0.003209868,0.004918082,0.00429255,0.00429255,cascades,1047.13924,2439.4338,0.429255035
11/18/2015,14,J,Puyallup,Puyallup R @ Meridian,0.361,18.112,2.9,7.714,4.950943735,204.768555,0.022693101,0.026181539,0.025527639,0.025527639,cascades,6227.298517,2439.4338,2.55276389
12/9/2015,15,J,Puyallup,Puyallup R @ Meridian,0.401,32.342,4.381,13.35,2.91472175,207.7360387,0.031781452,0.029504002,0.031050341,0.031050341,cascades,7574.525158,2439.4338,3.10503411
1/13/2016,16,J,Puyallup,Puyallup R @ Meridian,0.389,18.0285,7,7.4195,5.203398566,140.2597342,0.017513199,0.019324458,0.017881992,0.017881992,cascades,4362.193458,2439.4338,1.788199154
2/24/2016,17,J,Puyallup,Puyallup R @ Meridian,0.224,35.889,5.428,15.625,0.141838132,178.5035409,0.014704884,0.014161836,0.016072177,0.016072177,cascades,3920.701221,2439.4338,1.607217716
3/30/2016,18,J,Puyallup,Puyallup R @ Meridian,0.259,29.864,7.8432,13.285,1.492962099,131.6276633,0.012025912,0.012074569,0.011408122,0.011408122,cascades,2782.93595,2439.4338,1.140812245
4/27/2016,19,J,Puyallup,Puyallup R @ Meridian,0.129,28.783,10.3279,12.234,3.435195711,100.6663888,0.004691056,0.004599376,0.006306006,0.006306006,cascades,1538.3084,2439.4338,0.630600593
5/25/2016,20,J,Puyallup,Puyallup R @ Meridian,0.116,36.769,9.9,16.563,6.716001897,88.03798881,0.003674727,0.003617036,0.003723592,0.003723592,cascades,908.3455799,2439.4338,0.372359184
6/29/2016,21,J,Puyallup,Puyallup R @ Meridian,0.11,32.701,10.1,14.688,4.041355654,86.52684355,0.003372431,0.003371074,0.003381528,0.003381528,cascades,824.9014649,2439.4338,0.338152839
7/27/2016,22,J,Puyallup,Puyallup R @ Meridian,0.142,19.397,9.4,8.739,2.450209601,65.00086412,0.003372797,0.00326913,0.002927301,0.002927301,cascades,714.0957177,2439.4338,0.292730107
8/31/2016,23,J,Puyallup,Puyallup R @ Meridian,0.164,32.93,12.4,14.799,4.41470024,47.1064441,0.002713922,0.002736207,0.002528202,0.002528202,cascades,616.7381052,2439.4338,0.252820185
9/28/2016,24,J,Puyallup,Puyallup R @ Meridian,0.181,28.075,10,12.61,0.081421457,39.4076112,0.002549556,0.002526291,0.002405982,0.002405982,cascades,586.9235022,2439.4338,0.24059825
10/29/2014,1,K,Nisqually,Nisqually R @ Nisqually,0.246,56.387,3.3844,25.242,-3.033132829,20.40822521,0.002301012,0.002341406,0.002012106,0.002012106,cascades,372.7589891,1852.5816,0.201210564
11/19/2014,2,K,Nisqually,Nisqually R @ Nisqually,0.149,114.89,3.8702,52.192,-5.697501295,47.59873096,0.002195793,0.003307639,0.003961614,0.003961614,cascades,733.9213392,1852.5816,0.39616141
12/17/2014,3,K,Nisqually,Nisqually R @ Nisqually,0.235,34.156,3.0319,14.652,-0.45415607,68.32580995,0.006891548,0.0074884,0.007442662,0.007442662,cascades,1378.813955,1852.5816,0.744266247
1/28/2015,4,K,Nisqually,Nisqually R @ Nisqually,0.303,35.886,3.3797,14.557,0.595237221,74.11706175,0.010566746,0.01047363,0.010080046,0.010080046,cascades,1867.410801,1852.5816,1.008004614
2/25/2015,5,K,Nisqually,Nisqually R @ Nisqually,0.3,36.476,4.945,15.068,0.91053334,60.76997494,0.008952508,0.008502501,0.008869167,0.008869167,cascades,1643.085621,1852.5816,0.886916733
3/25/2015,6,K,Nisqually,Nisqually R @ Nisqually,0.404,10.563,3.9,3.994,6.234583714,28.12410912,0.004937771,0.005299032,0.004811001,0.004811001,cascades,891.2772825,1852.5816,0.481100148
4/29/2015,7,K,Nisqually,Nisqually R @ Nisqually,0.252,39.83,6.0668,17.783,-0.096042198,25.38510887,0.003006092,0.002983431,0.003731561,0.003731561,cascades,691.3021795,1852.5816,0.37315613
5/20/2015,8,K,Nisqually,Nisqually R @ Nisqually,0.198,22.215,5.5,9.186,3.439352861,19.60439215,0.001833009,0.001810318,0.001911528,0.001911528,cascades,354.1261493,1852.5816,0.191152794
6/24/2015,9,K,Nisqually,Nisqually R @ Nisqually,0.142,20.535,6.6,8.754,3.029711052,13.71951207,0.000974378,0.00090858,0.000981114,0.000981114,cascades,181.7593839,1852.5816,0.098111405
7/29/2015,10,K,Nisqually,Nisqually R @ Nisqually,0.135,36.089,6.5,15.78,1.987459723,13.23584206,0.000829825,0.000833339,0.000833421,0.000833421,cascades,154.3979567,1852.5816,0.083342055
8/19/2015,11,K,Nisqually,Nisqually R @ Nisqually,0.149,33.04,6.6799,13.534,2.227857477,13.68982505,0.000932166,0.000951307,0.00093982,0.00093982,cascades,174.1092843,1852.5816,0.093981979
9/1/2015,12,K,Nisqually,Nisqually R @ Nisqually,NA,12.699,6.65,5.872,4.868165466,16.66635188,NA,NA,0.001463804,NA,cascades,271.1816296,1852.5816,0.146380397
10/28/2015,13,K,Nisqually,Nisqually R @ Nisqually,0.303,18.756,3.9027,7.587,2.39699811,17.39750503,0.002319358,0.002458476,0.002186074,0.002186074,cascades,404.9880121,1852.5816,0.218607381
11/18/2015,14,K,Nisqually,Nisqually R @ Nisqually,0.554,8.301,3.5,3.508,5.798736679,54.46934178,0.009401436,0.014073376,0.012709101,0.012709101,cascades,2354.464639,1852.5816,1.270910085
12/1/2015,15,K,Nisqually,Nisqually R @ Nisqually,NA,NA,NA,NA,NA,124.475376,NA,NA,0.030776687,NA,cascades,5701.632417,1852.5816,3.077668707
1/13/2016,16,K,Nisqually,Nisqually R @ Nisqually,0.444,22.828,3.8,9.422,2.516842368,78.62948824,0.017576643,0.01628189,0.017113068,0.017113068,cascades,3170.335579,1852.5816,1.711306848
2/24/2016,17,K,Nisqually,Nisqually R @ Nisqually,0.5,80.809,5.4342,36.314,-1.058880974,91.80516881,0.022641981,0.021407874,0.022353731,0.022353731,cascades,4141.211138,1852.5816,2.235373134
3/30/2016,18,K,Nisqually,Nisqually R @ Nisqually,0.268,31.478,5.4736,14.053,1.111816531,81.37896268,0.010281026,0.010171461,0.014492345,0.014492345,cascades,2684.825162,1852.5816,1.449234496
4/27/2016,19,K,Nisqually,Nisqually R @ Nisqually,0.245,43.38,6.3999,18.735,1.244337536,39.07158462,0.004832565,0.004464404,0.004744139,0.004744139,cascades,878.8903959,1852.5816,0.474413864
5/25/2016,20,K,Nisqually,Nisqually R @ Nisqually,0.162,25.82,5.7,11.608,4.074556964,17.32351585,0.001335737,0.001308843,0.001500036,0.001500036,cascades,277.8939199,1852.5816,0.150003606
6/29/2016,21,K,Nisqually,Nisqually R @ Nisqually,0.124,14.0205,6.25,6.1785,3.899311796,15.84327554,0.000914618,0.000916227,0.00099855,0.00099855,cascades,184.9894472,1852.5816,0.099854952
7/27/2016,22,K,Nisqually,Nisqually R @ Nisqually,0.128,16.6355,6.65,7.3855,2.799861943,15.70580182,0.000942897,0.000937576,0.000914961,0.000914961,cascades,169.5040004,1852.5816,0.091496105
8/31/2016,23,K,Nisqually,Nisqually R @ Nisqually,0.117,28.7935,6.15,13.0155,1.070061132,15.67748498,0.000848494,0.000855458,0.000874899,0.000874899,cascades,162.0822657,1852.5816,0.087489947
9/28/2016,24,K,Nisqually,Nisqually R @ Nisqually,0.112,31.091,6.5,14.135,0.577227736,15.40342053,0.000801726,0.000804584,0.000810147,0.000810147,cascades,150.0863307,1852.5816,0.081014694
10/27/2014,1,L,Skokomish,Skokomish R nr Potlatch,0.086,51.479,1.0806,22.815,-3.279622908,50.2487006,0.003828592,0.006309575,0.005776691,0.005776691,olympics,341.8346792,591.7482,0.577669149
11/17/2014,2,L,Skokomish,Skokomish R nr Potlatch,0.077,127.166,0.91873,58.159,-8.180262236,74.53465912,0.008542058,0.008379648,0.008949146,0.008949146,olympics,529.5640972,591.7482,0.894914589
12/15/2014,3,L,Skokomish,Skokomish R nr Potlatch,0.08,99.379,0.56183,44.8,-6.45539678,70.40846833,0.008211844,0.008224162,0.008286462,0.008286462,olympics,490.3498724,591.7482,0.828646158
1/26/2015,4,L,Skokomish,Skokomish R nr Potlatch,0.068,21.631,0,9.57,-0.485409975,48.51315196,0.004823326,0.004816651,0.005124826,0.005124826,olympics,303.2606524,591.7482,0.512482594
2/23/2015,5,L,Skokomish,Skokomish R nr Potlatch,0.063,41.611,1.1,18.774,-2.527624879,48.74037181,0.004157362,0.004483387,0.004763244,0.004763244,olympics,281.8640986,591.7482,0.476324387
3/23/2015,6,L,Skokomish,Skokomish R nr Potlatch,0.061,35.695,0.3,15.986,-2.458460264,39.08820935,0.0030541,0.003481388,0.003438139,0.003438139,olympics,203.4512444,591.7482,0.34381388
4/27/2015,7,L,Skokomish,Skokomish R nr Potlatch,0.029,NA,NA,NA,NA,21.92195856,0.000987109,0.000928227,0.001224107,0.001224107,olympics,72.43631483,591.7482,0.122410706
5/18/2015,8,L,Skokomish,Skokomish R nr Potlatch,0.027,34.859,1.4,15.636,-2.380083482,13.55280805,0.000624211,0.000534281,0.000546288,0.000546288,olympics,32.32647265,591.7482,0.054628764
6/22/2015,9,L,Skokomish,Skokomish R nr Potlatch,0.032,44.551,1.2,20.078,-3.065373689,10.06191941,0.000504944,0.000470119,0.000445489,0.000445489,olympics,26.36173982,591.7482,0.044548914
7/27/2015,10,L,Skokomish,Skokomish R nr Potlatch,0.033,24.979,2,11.099,-1.966690101,7.275602623,0.000359067,0.000350558,0.000340607,0.000340607,olympics,20.15536939,591.7482,0.034060719
8/17/2015,11,L,Skokomish,Skokomish R nr Potlatch,0.034,43.587,1.6,19.708,-3.999520782,7.725018379,0.000343579,0.000383491,0.000388674,0.000388674,olympics,22.99974157,591.7482,0.038867447
9/28/2015,12,L,Skokomish,Skokomish R nr Potlatch,0.04,17.968,1.1,7.931,1.654398069,11.96858707,0.000727385,0.000699004,0.000674166,0.000674166,olympics,39.89365582,591.7482,0.067416607
10/26/2015,13,L,Skokomish,Skokomish R nr Potlatch,0.155,33.405,0.57058,13.896,1.410923247,18.67678707,0.003401785,0.00422679,0.002980285,0.002980285,olympics,176.3578403,591.7482,0.29802852
11/16/2015,14,L,Skokomish,Skokomish R nr Potlatch,0.113,10.719,0.2,4.526,4.207568534,70.11959082,0.00633944,0.011568968,0.011384127,0.011384127,olympics,673.6536376,591.7482,1.138412652
12/7/2015,15,L,Skokomish,Skokomish R nr Potlatch,0.064,24.831,0.2,11.108,2.830440152,85.8822547,0.005698394,0.00802528,0.008767291,0.008767291,olympics,518.8028755,591.7482,0.876729115
1/11/2016,16,L,Skokomish,Skokomish R nr Potlatch,0.076,25.644,0.85,11.402,-2.561377093,71.30821328,0.007117689,0.007912796,0.007640169,0.007640169,olympics,452.1055976,591.7482,0.764016853
2/22/2016,17,L,Skokomish,Skokomish R nr Potlatch,0.053,13.487,0.5,5.99,1.20691022,77.03158655,0.006406606,0.005961033,0.006588482,0.006588482,olympics,389.8722134,591.7482,0.658848161
3/28/2016,18,L,Skokomish,Skokomish R nr Potlatch,0.039,41.474,1.1,18.956,-2.061781817,84.20151285,0.004541418,0.004794698,0.005527211,0.005527211,olympics,327.0716945,591.7482,0.552721064
4/25/2016,19,L,Skokomish,Skokomish R nr Potlatch,0.024,45.462,1.2,20.723,-0.57732162,29.48066875,0.001138587,0.00103306,0.001251713,0.001251713,olympics,74.06989515,591.7482,0.125171306
5/23/2016,20,L,Skokomish,Skokomish R nr Potlatch,0.018,46.451,3.7,20.781,2.412783072,17.76379714,0.000514299,0.000466858,0.000512993,0.000512993,olympics,30.35625926,591.7482,0.051299284
6/27/2016,21,L,Skokomish,Skokomish R nr Potlatch,0.025,40.211,2.2,17.974,1.426550806,13.1607263,0.000492788,0.000480393,0.000422193,0.000422193,olympics,24.98316919,591.7482,0.042219257
7/25/2016,22,L,Skokomish,Skokomish R nr Potlatch,0.028,29.893,2.7,13.275,2.499468116,9.275137356,0.000399072,0.000379189,0.00036146,0.00036146,olympics,21.38931754,591.7482,0.036145978
8/29/2016,23,L,Skokomish,Skokomish R nr Potlatch,NA,NA,NA,NA,NA,7.490262588,NA,NA,0.000339012,NA,olympics,20.0609649,591.7482,0.033901184
9/26/2016,24,L,Skokomish,Skokomish R nr Potlatch,0.041,73.061,2.4,33.18,-1.54383206,8.34591852,0.00049352,0.000499614,0.000465167,0.000465167,olympics,27.52617323,591.7482,0.0465167
10/27/2014,1,M,Deschutes,Deschutes R @ E St Bridge,0.634,58.764,2.4504,26.392,-2.53866667,8.481717589,0.009233838,0.011373188,0.012424486,0.012424486,cascades,507.554907,408.5118,1.242448583
11/17/2014,2,M,Deschutes,Deschutes R @ E St Bridge,0.786,43.498,5.0415,19.359,-0.386153426,18.28985107,0.025960229,0.030404779,0.024814125,0.024814125,cascades,1013.686299,408.5118,2.48141253
12/15/2014,3,M,Deschutes,Deschutes R @ E St Bridge,0.684,57.004,3.6772,25.462,-1.438256575,19.64367036,0.027016948,0.028417631,0.026183079,0.026183079,cascades,1069.609669,408.5118,2.61830789
1/26/2015,4,M,Deschutes,Deschutes R @ E St Bridge,0.758,20.932,2.9333,8.118,3.9838395,20.2337569,0.034449751,0.03243806,0.028631456,0.028631456,cascades,1169.628757,408.5118,2.863145586
2/23/2015,5,M,Deschutes,Deschutes R @ E St Bridge,0.829,29.323,4.9093,11.909,1.560131267,19.65694796,0.034800369,0.034465117,0.028149776,0.028149776,cascades,1149.951585,408.5118,2.814977646
3/23/2015,6,M,Deschutes,Deschutes R @ E St Bridge,0.739,9.375,4.6,3.493,7.519235227,15.66743706,0.020955722,0.024487899,0.023393052,0.023393052,cascades,955.6337872,408.5118,2.339305223
4/27/2015,7,M,Deschutes,Deschutes R @ E St Bridge,0.624,45.471,6.157,20.366,-0.645857621,11.83549789,0.016342872,0.015619972,0.016393199,0.016393199,cascades,669.6815429,408.5118,1.639319948
5/18/2015,8,M,Deschutes,Deschutes R @ E St Bridge,0.639,NA,NA,NA,NA,6.420616552,0.010865951,0.008677342,0.00878942,0.00878942,cascades,359.0581682,408.5118,0.878941975
6/22/2015,9,M,Deschutes,Deschutes R @ E St Bridge,0.778,26.187,6.8,11.169,2.211050715,3.723665297,0.006781894,0.006127162,0.005779219,0.005779219,cascades,236.0879002,408.5118,0.577921862
7/27/2015,10,M,Deschutes,Deschutes R @ E St Bridge,0.573,41.958,5.2574,18.055,1.175431486,3.104439809,0.003856988,0.003762244,0.004143019,0.004143019,cascades,169.2472166,408.5118,0.414301904
8/17/2015,11,M,Deschutes,Deschutes R @ E St Bridge,0.802,32.929,6.3204,13.439,1.891966942,2.576376296,0.004392421,0.004370114,0.004079522,0.004079522,cascades,166.6532686,408.5118,0.407952154
9/28/2015,12,M,Deschutes,Deschutes R @ E St Bridge,0.776,17.552,6.4,7.904,2.891295456,2.559842912,0.004301145,0.004201305,0.004196293,0.004196293,cascades,171.4235199,408.5118,0.419629298
10/26/2015,13,M,Deschutes,Deschutes R @ E St Bridge,0.757,15.058,6.6913,5.649,9.384910551,3.053469485,0.00403481,0.004888759,0.004954134,0.004954134,cascades,202.382224,408.5118,0.49541341
11/16/2015,14,M,Deschutes,Deschutes R @ E St Bridge,0.925,16.531,2.8,7.181,4.379325484,24.65642203,0.028161587,0.04823707,0.044373646,0.044373646,cascades,1812.715812,408.5118,4.437364629
12/7/2015,15,M,Deschutes,Deschutes R @ E St Bridge,0.566,18.886,1.5209,7.6,4.214812702,39.45176112,0.0301678,0.047227174,0.050338321,0.050338321,cascades,2056.379799,408.5118,5.033832068
1/11/2016,16,M,Deschutes,Deschutes R @ E St Bridge,0.952,20.697,4.8,8.541,3.420790438,23.59798094,0.052408805,0.047513928,0.039220818,0.039220818,cascades,1602.21671,408.5118,3.922081835
2/22/2016,17,M,Deschutes,Deschutes R @ E St Bridge,0.684,36.116,2.896,15.713,-0.143915857,21.81471258,0.036762317,0.031558382,0.033345255,0.033345255,cascades,1362.193002,408.5118,3.33452547
3/28/2016,18,M,Deschutes,Deschutes R @ E St Bridge,0.634,40.114,5.5132,18.064,0.421197083,29.98205962,0.041577408,0.040203129,0.038382799,0.038382799,cascades,1567.98262,408.5118,3.838279873
4/25/2016,19,M,Deschutes,Deschutes R @ E St Bridge,0.737,56.999,6.0883,24.879,0.359551594,10.84535216,0.019068005,0.016905199,0.016305429,0.016305429,cascades,666.0960281,408.5118,1.630542932
5/23/2016,20,M,Deschutes,Deschutes R @ E St Bridge,0.816,36.1625,5.7,16.3355,-0.479172509,6.391386259,0.012070941,0.011030479,0.010827486,0.010827486,cascades,442.3155868,408.5118,1.082748618
6/27/2016,21,M,Deschutes,Deschutes R @ E St Bridge,0.709,26.732,7,12.227,3.790622063,4.75911798,0.00731371,0.007136444,0.007506309,0.007506309,cascades,306.6415876,408.5118,0.750630918
7/25/2016,22,M,Deschutes,Deschutes R @ E St Bridge,0.831,34.223,6.2,15.786,3.086113793,3.695805174,0.006684432,0.006495599,0.006130458,0.006130458,cascades,250.436426,408.5118,0.613045758
8/29/2016,23,M,Deschutes,Deschutes R @ E St Bridge,0.875,20.507,6.3,9.131,1.414514205,3.397290807,0.006364341,0.006287093,0.006004262,0.006004262,cascades,245.2811751,408.5118,0.600426169
9/26/2016,24,M,Deschutes,Deschutes R @ E St Bridge,0.801,NA,NA,NA,NA,2.910688638,0.004954666,0.004931027,0.005062259,0.005062259,cascades,206.7992485,408.5118,0.506225887
10/29/2014,1,Z,Elwha,Elwha @ Port Angeles,0.053,61.38,0.075357,27.369,-3.97006296,40.61183837,0.002207042,0.002456367,0.002289641,0.002289641,olympics,173.3470082,757.0926,0.228964077
11/19/2014,2,Z,Elwha,Elwha @ Port Angeles,0.04,112.093,0.76055,51.253,-8.793923791,79.49482671,0.003378186,0.003628805,0.00464164,0.00464164,olympics,351.4151304,757.0926,0.464164001
12/1/2014,3,Z,Elwha,Elwha @ Port Angeles,NA,94.018,-0.39322,42.217,-7.257645383,93.71049255,NA,NA,0.006194462,NA,olympics,468.9781295,757.0926,0.619446194
1/28/2015,4,Z,Elwha,Elwha @ Port Angeles,0.05,34.75,0.5,15.734,-3.702204441,56.87118887,0.003313444,0.003245092,0.003501328,0.003501328,olympics,265.0829617,757.0926,0.350132813
2/25/2015,5,Z,Elwha,Elwha @ Port Angeles,0.051,34.887,1.1,15.812,-3.319712668,69.14367094,0.004037242,0.004024272,0.004697486,0.004697486,olympics,355.6431776,757.0926,0.469748585
3/25/2015,6,Z,Elwha,Elwha @ Port Angeles,0.049,18.768,0.6,8.36,-1.431860412,36.59815376,0.001929413,0.002046539,0.001998375,0.001998375,olympics,151.295461,757.0926,0.199837458
4/29/2015,7,Z,Elwha,Elwha @ Port Angeles,0.01,14.505,0.6,6.508,16.69902702,28.15544034,0.000322942,0.000321312,0.000657294,0.000657294,olympics,49.76321885,757.0926,0.065729369
5/20/2015,8,Z,Elwha,Elwha @ Port Angeles,0.01,16.163,3.1,7.24,20.39869786,21.77108762,0.000260507,0.000248453,0.000256518,0.000256518,olympics,19.42081819,757.0926,0.02565184
6/24/2015,9,Z,Elwha,Elwha @ Port Angeles,0.02,20.735,0.8,9.335,0.935733948,15.0032091,0.000375193,0.000342436,0.000282009,0.000282009,olympics,21.35066318,757.0926,0.028200861
7/29/2015,10,Z,Elwha,Elwha @ Port Angeles,0.027,9.686,1.3,4.2195,2.676422204,9.960222349,0.000309984,0.0003069,0.000269958,0.000269958,olympics,20.4383051,757.0926,0.02699578
8/19/2015,11,Z,Elwha,Elwha @ Port Angeles,0.034,13.18,0.2,5.81,0.852892799,8.745338295,0.000307756,0.000339328,0.000341062,0.000341062,olympics,25.82151443,757.0926,0.034106151
9/30/2015,12,Z,Elwha,Elwha @ Port Angeles,0.035,12.868,0.8,5.674,4.138746304,12.78600003,0.000491066,0.000510702,0.000560703,0.000560703,olympics,42.4504331,757.0926,0.056070332
10/28/2015,13,Z,Elwha,Elwha @ Port Angeles,0.013,17.014,3.2,7.578,3.736797239,17.00380952,0.000183859,0.000252263,0.000462643,0.000462643,olympics,35.02634427,757.0926,0.04626428
11/18/2015,14,Z,Elwha,Elwha @ Port Angeles,0.08,22.417,0.4,9.99,-1.859369328,74.0221242,0.005985437,0.00675797,0.005182716,0.005182716,olympics,392.3795755,757.0926,0.518271577
12/9/2015,15,Z,Elwha,Elwha @ Port Angeles,0.052,34.973,-0.3,15.797,-2.516352419,82.01837534,0.006067987,0.004867201,0.004324683,0.004324683,olympics,327.4185735,757.0926,0.432468331
1/13/2016,16,Z,Elwha,Elwha @ Port Angeles,0.045,23.393,0.7,10.501,-4.65768654,68.26826281,0.002130494,0.003505872,0.003633005,0.003633005,olympics,275.0521154,757.0926,0.363300494
2/24/2016,17,Z,Elwha,Elwha @ Port Angeles,0.036,13.493,1.7,5.918,1.805303251,80.38078597,0.003912883,0.003302323,0.00370146,0.00370146,olympics,280.2347712,757.0926,0.370145965
3/30/2016,18,Z,Elwha,Elwha @ Port Angeles,0.01,12.282,1.3,5.4,15.41318645,70.81038485,0.000816354,0.000808094,0.001626999,0.001626999,olympics,123.1788618,757.0926,0.162699862
4/27/2016,19,Z,Elwha,Elwha @ Port Angeles,0.01,22.137,0.5,10.065,11.63813793,56.94517805,0.00065344,0.000649863,0.000664495,0.000664495,olympics,50.30838982,757.0926,0.066449454
5/25/2016,20,Z,Elwha,Elwha @ Port Angeles,0.01,5.224,-0.9,2.178,47.71627463,50.53186907,0.0005858,0.000576674,0.000580643,0.000580643,olympics,43.96001408,757.0926,0.05806425
6/29/2016,21,Z,Elwha,Elwha @ Port Angeles,0.01,3.121,1.7,1.231,31.31041631,41.57856942,0.000477377,0.000474498,0.000473285,0.000473285,olympics,35.83206713,757.0926,0.047328513
7/27/2016,22,Z,Elwha,Elwha @ Port Angeles,0.01,7.875,-5.1,3.375,43.38049047,23.52125142,0.000286337,0.000268426,0.0002636,0.0002636,olympics,19.95695047,757.0926,0.026359986
8/31/2016,23,Z,Elwha,Elwha @ Port Angeles,0.01,30.739,0.7,14.099,7.986256355,13.20935211,0.000148651,0.000150746,0.00014673,0.00014673,olympics,11.10878826,757.0926,0.014672958
9/28/2016,24,Z,Elwha,Elwha @ Port Angeles,0.015,15.118,-0.1,6.738,8.484715944,10.31582713,0.00018037,0.000176588,0.000147239,0.000147239,olympics,11.14732328,757.0926,0.014723857
